"Station Name","MAC Address","Org Name","Start Date","Start Time Zone","End Date","End Time Zone","Transaction Date (Pacific Time)","Total Duration (hh:mm:ss)","Charging Time (hh:mm:ss)","Energy (kWh)","GHG Savings (kg)","Gasoline Savings (gallons)","Port Type","Port Number","Plug Type","EVSE ID","Address 1","Address 2",City,State/Province,"Postal Code",Country,Latitude,Longitude,Currency,Fee,"Ended By","Plug In Event Id","Driver Postal Code","User ID","Start SOC","End SOC",County,"System S/N","Model Number"
"CALPOLY / LOT H2 EV4",0024:B100:0002:1302,"California Polytechnic State University","2019-01-23 12:00:51",PST,"2019-01-23 13:29:13",PST,"2019-01-23 13:30:42",01:28:22,01:27:09,10.086,4.236,1.266,"Level 2",1,J1772,116201,"University Dr",,"San Luis Obispo",California,93405,"United States",35.302479,-120.663467,USD,1.110,"Plug Out at Vehicle",4069,93405,3334181,,,"San Luis Obispo County",142741005561,CT4025-HD
"CALPOLY / LOT H2 EV1",0024:B100:0002:2342,"California Polytechnic State University","2019-01-23 09:09:17",PST,"2019-01-23 13:18:51",PST,"2019-01-23 13:20:05",04:09:34,01:54:09,6.074,2.551,0.762,"Level 2",1,J1772,116199,"University Dr",,"San Luis Obispo",California,93405,"United States",35.302666,-120.663521,USD,1.630,Unknown,1777,93422,1248301,,,"San Luis Obispo County",151241001192,CT4025-HD
"CALPOLY / LOT H2 EV2",0024:B100:0002:12F1,"California Polytechnic State University","2019-01-23 09:53:48",PST,"2019-01-23 13:10:55",PST,"2019-01-23 13:12:38",03:17:07,00:25:29,2.857,1.200,0.358,"Level 2",1,J1772,116197,"University Dr",,"San Luis Obispo",California,93405,"United States",35.302597,-120.663498,USD,0.310,"Plug Out at Vehicle",1548266025,93405,385681,,,"San Luis Obispo County",142741005544,CT4025-HD
"CALPOLY / GRAND EV2",0024:B100:0002:2010,"California Polytechnic State University","2019-01-23 09:04:24",PST,"2019-01-23 13:09:00",PST,"2019-01-23 13:11:32",04:04:35,01:27:49,4.513,1.895,0.566,"Level 2",1,J1772,119343,"Tahoe Rd",,"San Luis Obispo",California,93405,"United States",35.298370,-120.657578,USD,0.960,"Plug Out at Vehicle",3610,93422,349725,,,"San Luis Obispo County",150541000428,CT4020-HD-GW
"CALPOLY / LOT H2 EV2",0024:B100:0002:12F1,"California Polytechnic State University","2019-01-23 09:22:13",PST,"2019-01-23 13:08:10",PST,"2019-01-23 13:10:33",03:46:00,03:45:48,3.475,1.459,0.436,"Level 2",2,J1772,116197,"University Dr",,"San Luis Obispo",California,93405,"United States",35.302597,-120.663498,USD,0.380,"Plug Out at Vehicle",2966,93402,710899,,,"San Luis Obispo County",142741005544,CT4025-HD
"CALPOLY / LOT H2 EV4",0024:B100:0002:1302,"California Polytechnic State University","2019-01-23 08:10:41",PST,"2019-01-23 12:27:17",PST,"2019-01-23 12:28:23",04:16:36,02:09:42,7.921,3.327,0.994,"Level 2",2,J1772,116201,"University Dr",,"San Luis Obispo",California,93405,"United States",35.302479,-120.663467,USD,2.530,"Plug Out at Vehicle",4068,93420,1260731,,,"San Luis Obispo County",142741005561,CT4025-HD
"CALPOLY / GRAND EV2",0024:B100:0002:2010,"California Polytechnic State University","2019-01-23 09:57:41",PST,"2019-01-23 11:48:23",PST,"2019-01-23 11:50:45",01:50:40,01:50:31,11.426,4.799,1.434,"Level 2",2,J1772,119343,"Tahoe Rd",,"San Luis Obispo",California,93405,"United States",35.298370,-120.657578,USD,1.260,"Plug Out at Vehicle",3611,93428,1669191,,,"San Luis Obispo County",150541000428,CT4020-HD-GW
"CALPOLY / LOT H2 EV4",0024:B100:0002:1302,"California Polytechnic State University","2019-01-23 07:44:21",PST,"2019-01-23 11:40:02",PST,"2019-01-23 11:40:44",03:55:41,03:25:42,11.658,4.896,1.463,"Level 2",1,J1772,116201,"University Dr",,"San Luis Obispo",California,93405,"United States",35.302479,-120.663467,USD,1.280,"Plug Out at Vehicle",4067,93433,827095,,,"San Luis Obispo County",142741005561,CT4025-HD
"CALPOLY / LOT H2 EV1",0024:B100:0002:2342,"California Polytechnic State University","2019-01-23 07:58:36",PST,"2019-01-23 11:33:53",PST,"2019-01-23 11:34:47",03:35:15,03:35:05,6.459,2.713,0.811,"Level 2",2,J1772,116199,"University Dr",,"San Luis Obispo",California,93405,"United States",35.302666,-120.663521,USD,0.710,"Plug Out at Vehicle",1776,93442,711871,,,"San Luis Obispo County",151241001192,CT4025-HD
"CALPOLY / LOT H2 EV3",0024:B100:0002:1280,"California Polytechnic State University","2019-01-23 09:10:22",PST,"2019-01-23 11:14:04",PST,"2019-01-23 11:15:28",02:03:42,01:21:15,4.175,1.754,0.524,"Level 2",1,J1772,115119,"University Dr",,"San Luis Obispo",California,93405,"United States",35.302551,-120.663490,USD,0.460,"Plug Out at Vehicle",1548263419,93422,3575341,,,"San Luis Obispo County",142641005445,CT4025-HD-GW
"CALPOLY / LOT H2 EV3",0024:B100:0002:1280,"California Polytechnic State University","2019-01-23 08:05:33",PST,"2019-01-23 11:04:09",PST,"2019-01-23 11:06:14",02:58:36,02:02:47,6.449,2.709,0.809,"Level 2",2,J1772,115119,"University Dr",,"San Luis Obispo",California,93405,"United States",35.302551,-120.663490,USD,0.710,"Plug Out at Vehicle",3738,95677,3749021,,,"San Luis Obispo County",142641005445,CT4025-HD-GW
"CALPOLY / GRAND EV1",0024:B100:0002:1EFF,"California Polytechnic State University","2019-01-23 08:43:06",PST,"2019-01-23 10:28:33",PST,"2019-01-23 10:30:27",01:45:26,01:10:22,2.337,0.981,0.293,"Level 2",1,J1772,118615,"Tahoe Rd",,"San Luis Obispo",California,93405,"United States",35.298355,-120.657600,USD,0.260,"Plug Out at Vehicle",2107,93420,379067,,,"San Luis Obispo County",150241000125,CT4020-HD
"CALPOLY / GRAND EV2",0024:B100:0002:2010,"California Polytechnic State University","2019-01-23 07:21:30",PST,"2019-01-23 09:40:30",PST,"2019-01-23 09:42:18",02:19:00,01:56:29,10.748,4.514,1.349,"Level 2",2,J1772,119343,"Tahoe Rd",,"San Luis Obispo",California,93405,"United States",35.298370,-120.657578,USD,1.180,"Plug Out at Vehicle",1548256885,93446,1183311,,,"San Luis Obispo County",150541000428,CT4020-HD-GW
"CALPOLY / GRAND EV1",0024:B100:0002:1EFF,"California Polytechnic State University","2019-01-23 07:48:42",PST,"2019-01-23 09:14:02",PST,"2019-01-23 09:15:17",01:25:19,01:11:37,2.255,0.947,0.283,"Level 2",2,J1772,118615,"Tahoe Rd",,"San Luis Obispo",California,93405,"United States",35.298355,-120.657600,USD,0.250,"Plug Out at Vehicle",1548258515,94040,2317461,,,"San Luis Obispo County",150241000125,CT4020-HD
"CALPOLY / GRAND EV2",0024:B100:0002:2010,"California Polytechnic State University","2019-01-23 03:15:07",PST,"2019-01-23 06:49:17",PST,"2019-01-23 06:50:54",03:34:10,02:08:17,7.697,3.233,0.966,"Level 2",2,J1772,119343,"Tahoe Rd",,"San Luis Obispo",California,93405,"United States",35.298370,-120.657578,USD,0.850,"Plug Out at Vehicle",3609,93405,648859,,,"San Luis Obispo County",150541000428,CT4020-HD-GW
"CALPOLY / LOT H2 EV4",0024:B100:0002:1302,"California Polytechnic State University","2019-01-22 19:24:26",PST,"2019-01-23 00:26:41",PST,"2019-01-23 00:27:23",05:02:20,01:49:36,6.289,2.642,0.789,"Level 2",2,J1772,116201,"University Dr",,"San Luis Obispo",California,93405,"United States",35.302479,-120.663467,USD,6.920,"Plug Out at Vehicle",4066,95124,508969,,,"San Luis Obispo County",142741005561,CT4025-HD
"CALPOLY / LOT H2 EV3",0024:B100:0002:1280,"California Polytechnic State University","2019-01-22 17:10:35",PST,"2019-01-22 20:38:14",PST,"2019-01-22 20:40:11",03:27:39,02:07:15,8.391,3.524,1.053,"Level 2",1,J1772,115119,"University Dr",,"San Luis Obispo",California,93405,"United States",35.302551,-120.663490,USD,0.920,"Plug Out at Vehicle",3735,93446,323083,,,"San Luis Obispo County",142641005445,CT4025-HD-GW
"CALPOLY / LOT H2 EV4",0024:B100:0002:1302,"California Polytechnic State University","2019-01-22 17:46:45",PST,"2019-01-22 20:07:12",PST,"2019-01-22 20:09:06",02:20:25,02:20:15,16.423,6.898,2.061,"Level 2",1,J1772,116201,"University Dr",,"San Luis Obispo",California,93405,"United States",35.302479,-120.663467,USD,1.810,"Plug Out at Vehicle",1548207999,93405,1880891,,,"San Luis Obispo County",142741005561,CT4025-HD
"CALPOLY / LOT H2 EV3",0024:B100:0002:1280,"California Polytechnic State University","2019-01-22 17:54:54",PST,"2019-01-22 20:00:47",PST,"2019-01-22 20:01:35",02:05:56,02:05:45,7.826,3.287,0.982,"Level 2",2,J1772,115119,"University Dr",,"San Luis Obispo",California,93405,"United States",35.302551,-120.663490,USD,0.860,"Plug Out at Vehicle",3737,93402,502759,,,"San Luis Obispo County",142641005445,CT4025-HD-GW
"CALPOLY / LOT H2 EV2",0024:B100:0002:12F1,"California Polytechnic State University","2019-01-22 18:14:12",PST,"2019-01-22 19:43:39",PST,"2019-01-22 19:44:51",01:29:30,01:29:19,3.604,1.514,0.452,"Level 2",2,J1772,116197,"University Dr",,"San Luis Obispo",California,93405,"United States",35.302597,-120.663498,USD,0.400,"Plug Out at Vehicle",2965,92009,1782891,,,"San Luis Obispo County",142741005544,CT4025-HD
"CALPOLY / LOT H2 EV2",0024:B100:0002:12F1,"California Polytechnic State University","2019-01-22 17:11:03",PST,"2019-01-22 19:06:25",PST,"2019-01-22 19:08:16",01:55:21,01:54:44,5.490,2.306,0.689,"Level 2",1,J1772,116197,"University Dr",,"San Luis Obispo",California,93405,"United States",35.302597,-120.663498,USD,0.600,"Plug Out at Vehicle",2964,93420,453471,,,"San Luis Obispo County",142741005544,CT4025-HD
"CALPOLY / GRAND EV1",0024:B100:0002:1EFF,"California Polytechnic State University","2019-01-22 14:59:47",PST,"2019-01-22 19:00:45",PST,"2019-01-22 19:01:28",04:00:58,03:41:32,16.878,7.089,2.118,"Level 2",2,J1772,118615,"Tahoe Rd",,"San Luis Obispo",California,93405,"United States",35.298355,-120.657600,USD,1.960,"Plug Out at Vehicle",2106,93433,936751,,,"San Luis Obispo County",150241000125,CT4020-HD
"CALPOLY / LOT H2 EV4",0024:B100:0002:1302,"California Polytechnic State University","2019-01-22 14:55:30",PST,"2019-01-22 18:17:24",PST,"2019-01-22 18:18:35",03:21:57,03:21:44,12.660,5.317,1.589,"Level 2",2,J1772,116201,"University Dr",,"San Luis Obispo",California,93405,"United States",35.302479,-120.663467,USD,1.390,"Plug Out at Vehicle",4065,93428,459349,,,"San Luis Obispo County",142741005561,CT4025-HD
"CALPOLY / LOT H2 EV1",0024:B100:0002:2342,"California Polytechnic State University","2019-01-22 14:11:51",PST,"2019-01-22 18:13:11",PST,"2019-01-22 18:14:21",04:01:20,01:28:13,4.637,1.947,0.582,"Level 2",1,J1772,116199,"University Dr",,"San Luis Obispo",California,93405,"United States",35.302666,-120.663521,USD,0.640,"Plug Out at Vehicle",1774,93422,349725,,,"San Luis Obispo County",151241001192,CT4025-HD
"CALPOLY / LOT H2 EV2",0024:B100:0002:12F1,"California Polytechnic State University","2019-01-22 16:02:44",PST,"2019-01-22 18:09:00",PST,"2019-01-22 18:09:45",02:06:20,02:06:07,7.800,3.276,0.979,"Level 2",2,J1772,116197,"University Dr",,"San Luis Obispo",California,93405,"United States",35.302597,-120.663498,USD,0.860,"Plug Out at Vehicle",2963,95124,508969,,,"San Luis Obispo County",142741005544,CT4025-HD
"CALPOLY / LOT H2 EV1",0024:B100:0002:2342,"California Polytechnic State University","2019-01-22 15:40:40",PST,"2019-01-22 17:53:08",PST,"2019-01-22 17:54:13",02:12:28,02:02:43,13.317,5.593,1.671,"Level 2",2,J1772,116199,"University Dr",,"San Luis Obispo",California,93405,"United States",35.302666,-120.663521,USD,1.460,"Plug Out at Vehicle",1775,93422,1853321,,,"San Luis Obispo County",151241001192,CT4025-HD
"CALPOLY / LOT H2 EV4",0024:B100:0002:1302,"California Polytechnic State University","2019-01-22 14:02:46",PST,"2019-01-22 17:44:02",PST,"2019-01-22 17:45:32",03:41:16,03:35:17,13.185,5.538,1.655,"Level 2",1,J1772,116201,"University Dr",,"San Luis Obispo",California,93405,"United States",35.302479,-120.663467,USD,1.450,"Plug Out at Vehicle",4064,90745,2317491,,,"San Luis Obispo County",142741005561,CT4025-HD
"CALPOLY / LOT H2 EV3",0024:B100:0002:1280,"California Polytechnic State University","2019-01-22 16:01:48",PST,"2019-01-22 17:11:49",PST,"2019-01-22 17:13:55",01:10:05,00:54:06,2.552,1.072,0.320,"Level 2",2,J1772,115119,"University Dr",,"San Luis Obispo",California,93405,"United States",35.302551,-120.663490,USD,0.280,"Plug Out at Vehicle",3734,93422,699027,,,"San Luis Obispo County",142641005445,CT4025-HD-GW
"CALPOLY / LOT H2 EV2",0024:B100:0002:12F1,"California Polytechnic State University","2019-01-22 12:37:22",PST,"2019-01-22 16:53:32",PST,"2019-01-22 16:55:15",04:16:09,03:05:46,20.825,8.746,2.613,"Level 2",1,J1772,116197,"University Dr",,"San Luis Obispo",California,93405,"United States",35.302597,-120.663498,USD,3.910,"Plug Out at Vehicle",2962,93401,377549,,,"San Luis Obispo County",142741005544,CT4025-HD
"CALPOLY / LOT H2 EV3",0024:B100:0002:1280,"California Polytechnic State University","2019-01-22 14:14:44",PST,"2019-01-22 16:50:16",PST,"2019-01-22 16:53:00",02:35:35,02:35:20,17.681,7.426,2.219,"Level 2",1,J1772,115119,"University Dr",,"San Luis Obispo",California,93405,"United States",35.302551,-120.663490,USD,1.940,"Plug Out at Vehicle",3733,93465,3778861,,,"San Luis Obispo County",142641005445,CT4025-HD-GW
"CALPOLY / GRAND EV2",0024:B100:0002:2010,"California Polytechnic State University","2019-01-22 11:48:39",PST,"2019-01-22 16:22:48",PST,"2019-01-22 16:24:15",04:34:09,01:58:56,13.732,5.768,1.723,"Level 2",1,J1772,119343,"Tahoe Rd",,"San Luis Obispo",California,93405,"United States",35.298370,-120.657578,USD,4.930,Customer,3607,93428,3367961,,,"San Luis Obispo County",150541000428,CT4020-HD-GW
"CALPOLY / LOT H2 EV3",0024:B100:0002:1280,"California Polytechnic State University","2019-01-22 12:18:06",PST,"2019-01-22 15:54:26",PST,"2019-01-22 15:56:21",03:36:19,01:38:15,5.154,2.165,0.647,"Level 2",2,J1772,115119,"University Dr",,"San Luis Obispo",California,93405,"United States",35.302551,-120.663490,USD,0.570,"Plug Out at Vehicle",3732,93433,378691,,,"San Luis Obispo County",142641005445,CT4025-HD-GW
"CALPOLY / LOT H2 EV1",0024:B100:0002:2342,"California Polytechnic State University","2019-01-22 11:57:14",PST,"2019-01-22 15:05:15",PST,"2019-01-22 15:06:43",03:08:01,01:55:35,6.100,2.562,0.766,"Level 2",2,J1772,116199,"University Dr",,"San Luis Obispo",California,93405,"United States",35.302666,-120.663521,USD,0.670,"Plug Out at Vehicle",1773,93401,1141501,,,"San Luis Obispo County",151241001192,CT4025-HD
"CALPOLY / LOT H2 EV2",0024:B100:0002:12F1,"California Polytechnic State University","2019-01-22 12:05:19",PST,"2019-01-22 15:00:23",PST,"2019-01-22 15:02:37",02:55:04,01:59:45,6.260,2.629,0.786,"Level 2",2,J1772,116197,"University Dr",,"San Luis Obispo",California,93405,"United States",35.302597,-120.663498,USD,0.690,"Plug Out at Vehicle",2961,93465,321157,,,"San Luis Obispo County",142741005544,CT4025-HD
"CALPOLY / GRAND EV2",0024:B100:0002:2010,"California Polytechnic State University","2019-01-22 14:26:01",PST,"2019-01-22 14:57:53",PST,"2019-01-22 14:59:21",00:31:52,00:05:20,0.360,0.151,0.045,"Level 2",2,J1772,119343,"Tahoe Rd",,"San Luis Obispo",California,93405,"United States",35.298370,-120.657578,USD,0.040,"Plug Out at Vehicle",3608,93433,936751,,,"San Luis Obispo County",150541000428,CT4020-HD-GW
"CALPOLY / LOT H2 EV4",0024:B100:0002:1302,"California Polytechnic State University","2019-01-22 11:36:06",PST,"2019-01-22 14:16:28",PST,"2019-01-22 14:18:30",02:40:26,02:40:15,4.582,1.925,0.575,"Level 2",2,J1772,116201,"University Dr",,"San Luis Obispo",California,93405,"United States",35.302479,-120.663467,USD,0.500,"Plug Out at Vehicle",4062,93402,710899,,,"San Luis Obispo County",142741005561,CT4025-HD
"CALPOLY / GRAND EV1",0024:B100:0002:1EFF,"California Polytechnic State University","2019-01-22 11:36:46",PST,"2019-01-22 13:47:43",PST,"2019-01-22 13:48:47",02:10:57,01:44:36,5.532,2.323,0.694,"Level 2",1,J1772,118615,"Tahoe Rd",,"San Luis Obispo",California,93405,"United States",35.298355,-120.657600,USD,0.610,"Plug Out at Vehicle",2104,93420,379067,,,"San Luis Obispo County",150241000125,CT4020-HD
"CALPOLY / LOT H2 EV4",0024:B100:0002:1302,"California Polytechnic State University","2019-01-22 11:46:50",PST,"2019-01-22 13:09:47",PST,"2019-01-22 13:12:25",01:22:57,01:22:47,9.553,4.012,1.199,"Level 2",1,J1772,116201,"University Dr",,"San Luis Obispo",California,93405,"United States",35.302479,-120.663467,USD,1.050,"Plug Out at Vehicle",4063,93405,3334181,,,"San Luis Obispo County",142741005561,CT4025-HD
"CALPOLY / GRAND EV2",0024:B100:0002:2010,"California Polytechnic State University","2019-01-22 09:15:18",PST,"2019-01-22 13:02:57",PST,"2019-01-22 13:04:42",03:47:38,03:24:47,14.245,5.983,1.788,"Level 2",2,J1772,119343,"Tahoe Rd",,"San Luis Obispo",California,93405,"United States",35.298370,-120.657578,USD,1.570,Customer,3606,93420,886001,,,"San Luis Obispo County",150541000428,CT4020-HD-GW
"CALPOLY / GRAND EV1",0024:B100:0002:1EFF,"California Polytechnic State University","2019-01-22 11:41:53",PST,"2019-01-22 12:27:25",PST,"2019-01-22 12:29:49",00:45:36,00:45:25,4.950,2.079,0.621,"Level 2",2,J1772,118615,"Tahoe Rd",,"San Luis Obispo",California,93405,"United States",35.298355,-120.657600,USD,0.540,"Plug Out at Vehicle",2105,93428,1669191,,,"San Luis Obispo County",150241000125,CT4020-HD
"CALPOLY / LOT H2 EV1",0024:B100:0002:2342,"California Polytechnic State University","2019-01-22 08:23:45",PST,"2019-01-22 12:23:58",PST,"2019-01-22 12:25:41",04:00:13,01:41:15,5.293,2.223,0.664,"Level 2",1,J1772,116199,"University Dr",,"San Luis Obispo",California,93405,"United States",35.302666,-120.663521,USD,0.600,"Plug Out at Vehicle",1771,93420,1260731,,,"San Luis Obispo County",151241001192,CT4025-HD
"CALPOLY / LOT H2 EV3",0024:B100:0002:1280,"California Polytechnic State University","2019-01-22 07:33:30",PST,"2019-01-22 11:37:25",PST,"2019-01-22 11:38:16",04:03:55,03:12:03,10.834,4.550,1.360,"Level 2",1,J1772,115119,"University Dr",,"San Luis Obispo",California,93405,"United States",35.302551,-120.663490,USD,1.580,"Plug Out at Vehicle",1548171204,93433,827095,,,"San Luis Obispo County",142641005445,CT4025-HD-GW
"CALPOLY / GRAND EV2",0024:B100:0002:2010,"California Polytechnic State University","2019-01-22 07:41:08",PST,"2019-01-22 11:23:23",PST,"2019-01-22 11:25:07",03:42:15,01:52:35,10.733,4.508,1.347,"Level 2",1,J1772,119343,"Tahoe Rd",,"San Luis Obispo",California,93405,"United States",35.298370,-120.657578,USD,1.180,"Plug Out at Vehicle",1548171664,93446,1183311,,,"San Luis Obispo County",150541000428,CT4020-HD-GW
"CALPOLY / LOT H2 EV2",0024:B100:0002:12F1,"California Polytechnic State University","2019-01-22 09:03:57",PST,"2019-01-22 11:16:42",PST,"2019-01-22 11:18:04",02:12:45,00:21:04,0.554,0.233,0.070,"Level 2",2,J1772,116197,"University Dr",,"San Luis Obispo",California,93405,"United States",35.302597,-120.663498,USD,0.060,"Plug Out at Vehicle",1548176632,93405,1383911,,,"San Luis Obispo County",142741005544,CT4025-HD
"CALPOLY / LOT H2 EV4",0024:B100:0002:1302,"California Polytechnic State University","2019-01-22 08:00:56",PST,"2019-01-22 11:08:55",PST,"2019-01-22 11:10:17",03:07:58,03:07:44,21.734,9.128,2.728,"Level 2",2,J1772,116201,"University Dr",,"San Luis Obispo",California,93405,"United States",35.302479,-120.663467,USD,2.390,"Plug Out at Vehicle",4061,93405,3334181,,,"San Luis Obispo County",142741005561,CT4025-HD
"CALPOLY / GRAND EV1",0024:B100:0002:1EFF,"California Polytechnic State University","2019-01-22 07:30:58",PST,"2019-01-22 11:06:00",PST,"2019-01-22 11:08:08",03:35:02,03:26:56,11.150,4.683,1.399,"Level 2",2,J1772,118615,"Tahoe Rd",,"San Luis Obispo",California,93405,"United States",35.298355,-120.657600,USD,1.230,"Plug Out at Vehicle",2102,94618,2627021,,,"San Luis Obispo County",150241000125,CT4020-HD
"CALPOLY / LOT H2 EV3",0024:B100:0002:1280,"California Polytechnic State University","2019-01-22 08:23:13",PST,"2019-01-22 10:58:22",PST,"2019-01-22 11:00:43",02:35:08,02:23:32,15.772,6.624,1.979,"Level 2",2,J1772,115119,"University Dr",,"San Luis Obispo",California,93405,"United States",35.302551,-120.663490,USD,1.730,"Plug Out at Vehicle",3731,93449,404097,,,"San Luis Obispo County",142641005445,CT4025-HD-GW
"CALPOLY / LOT H2 EV2",0024:B100:0002:12F1,"California Polytechnic State University","2019-01-22 08:40:11",PST,"2019-01-22 10:54:59",PST,"2019-01-22 10:56:48",02:14:48,02:07:19,6.632,2.785,0.832,"Level 2",1,J1772,116197,"University Dr",,"San Luis Obispo",California,93405,"United States",35.302597,-120.663498,USD,0.730,"Plug Out at Vehicle",2960,93405,1239511,,,"San Luis Obispo County",142741005544,CT4025-HD
"CALPOLY / GRAND EV1",0024:B100:0002:1EFF,"California Polytechnic State University","2019-01-22 07:59:23",PST,"2019-01-22 10:45:54",PST,"2019-01-22 10:48:24",02:46:31,02:09:17,6.744,2.832,0.846,"Level 2",1,J1772,118615,"Tahoe Rd",,"San Luis Obispo",California,93405,"United States",35.298355,-120.657600,USD,0.740,"Plug Out at Vehicle",2103,93422,2144341,,,"San Luis Obispo County",150241000125,CT4020-HD
"CALPOLY / LOT H2 EV4",0024:B100:0002:1302,"California Polytechnic State University","2019-01-22 06:52:38",PST,"2019-01-22 10:11:17",PST,"2019-01-22 10:12:43",03:18:39,02:03:51,6.443,2.706,0.809,"Level 2",1,J1772,116201,"University Dr",,"San Luis Obispo",California,93405,"United States",35.302479,-120.663467,USD,0.710,"Plug Out at Vehicle",4060,95677,3749021,,,"San Luis Obispo County",142741005561,CT4025-HD
"CALPOLY / LOT H2 EV1",0024:B100:0002:2342,"California Polytechnic State University","2019-01-22 08:53:39",PST,"2019-01-22 10:03:08",PST,"2019-01-22 10:04:23",01:09:30,01:09:06,4.309,1.810,0.541,"Level 2",2,J1772,116199,"University Dr",,"San Luis Obispo",California,93405,"United States",35.302666,-120.663521,USD,0.470,"Plug Out at Vehicle",1772,90745,2317491,,,"San Luis Obispo County",151241001192,CT4025-HD
"CALPOLY / GRAND EV2",0024:B100:0002:2010,"California Polytechnic State University","2019-01-22 07:15:08",PST,"2019-01-22 08:43:27",PST,"2019-01-22 08:44:19",01:28:24,01:28:09,8.544,3.589,1.072,"Level 2",2,J1772,119343,"Tahoe Rd",,"San Luis Obispo",California,93405,"United States",35.298370,-120.657578,USD,0.940,"Plug Out at Vehicle",3605,93406,412757,,,"San Luis Obispo County",150541000428,CT4020-HD-GW
"CALPOLY / GRAND EV2",0024:B100:0002:2010,"California Polytechnic State University","2019-01-22 03:21:53",PST,"2019-01-22 07:05:09",PST,"2019-01-22 07:06:20",03:43:16,03:06:20,10.649,4.473,1.336,"Level 2",2,J1772,119343,"Tahoe Rd",,"San Luis Obispo",California,93405,"United States",35.298370,-120.657578,USD,1.170,"Plug Out at Vehicle",3604,93405,648859,,,"San Luis Obispo County",150541000428,CT4020-HD-GW
"CALPOLY / LOT H2 EV4",0024:B100:0002:1302,"California Polytechnic State University","2019-01-21 23:46:53",PST,"2019-01-22 01:55:04",PST,"2019-01-22 01:56:08",02:08:10,02:07:58,14.911,6.263,1.871,"Level 2",2,J1772,116201,"University Dr",,"San Luis Obispo",California,93405,"United States",35.302479,-120.663467,USD,1.640,"Plug Out at Vehicle",4059,84020,3430441,,,"San Luis Obispo County",142741005561,CT4025-HD
"CALPOLY / LOT H2 EV2",0024:B100:0002:12F1,"California Polytechnic State University","2019-01-21 19:50:37",PST,"2019-01-21 21:50:36",PST,"2019-01-21 21:51:34",01:59:58,01:59:48,4.841,2.033,0.608,"Level 2",2,J1772,116197,"University Dr",,"San Luis Obispo",California,93405,"United States",35.302597,-120.663498,USD,0.530,"Plug Out at Vehicle",2959,92009,1782891,,,"San Luis Obispo County",142741005544,CT4025-HD
"CALPOLY / LOT H2 EV3",0024:B100:0002:1280,"California Polytechnic State University","2019-01-21 19:05:26",PST,"2019-01-21 21:17:28",PST,"2019-01-21 21:18:12",02:12:06,01:59:50,6.260,2.629,0.786,"Level 2",2,J1772,115119,"University Dr",,"San Luis Obispo",California,93405,"United States",35.302551,-120.663490,USD,0.690,"Plug Out at Vehicle",3730,90505,2480471,,,"San Luis Obispo County",142641005445,CT4025-HD-GW
"CALPOLY / LOT H2 EV4",0024:B100:0002:1302,"California Polytechnic State University","2019-01-21 19:13:55",PST,"2019-01-21 19:15:55",PST,"2019-01-21 19:16:03",00:02:00,00:00:00,0.000,0.000,0.000,"Level 2",1,J1772,116201,"University Dr",,"San Luis Obispo",California,93405,"United States",35.302479,-120.663467,USD,0.000,Timeout,1548126830,90505,2480471,,,"San Luis Obispo County",142741005561,CT4025-HD
"CALPOLY / LOT H2 EV4",0024:B100:0002:1302,"California Polytechnic State University","2019-01-21 19:11:24",PST,"2019-01-21 19:13:25",PST,"2019-01-21 19:13:37",00:02:01,00:00:00,0.000,0.000,0.000,"Level 2",1,J1772,116201,"University Dr",,"San Luis Obispo",California,93405,"United States",35.302479,-120.663467,USD,0.000,Timeout,1548126678,90505,2480471,,,"San Luis Obispo County",142741005561,CT4025-HD
"CALPOLY / LOT H2 EV2",0024:B100:0002:12F1,"California Polytechnic State University","2019-01-21 16:10:10",PST,"2019-01-21 18:54:36",PST,"2019-01-21 18:56:04",02:44:26,02:33:51,5.114,2.148,0.642,"Level 2",2,J1772,116197,"University Dr",,"San Luis Obispo",California,93405,"United States",35.302597,-120.663498,USD,0.560,"Plug Out at Vehicle",2958,93433,378691,,,"San Luis Obispo County",142741005544,CT4025-HD
"CALPOLY / LOT H2 EV4",0024:B100:0002:1302,"California Polytechnic State University","2019-01-21 16:58:35",PST,"2019-01-21 18:06:53",PST,"2019-01-21 18:08:21",01:08:17,01:08:06,2.751,1.155,0.345,"Level 2",2,J1772,116201,"University Dr",,"San Luis Obispo",California,93405,"United States",35.302479,-120.663467,USD,0.300,"Plug Out at Vehicle",4058,92009,1782891,,,"San Luis Obispo County",142741005561,CT4025-HD
"CALPOLY / LOT H2 EV4",0024:B100:0002:1302,"California Polytechnic State University","2019-01-21 13:10:38",PST,"2019-01-21 16:58:21",PST,"2019-01-21 17:00:15",03:47:47,03:47:25,9.125,3.833,1.145,"Level 2",2,J1772,116201,"University Dr",,"San Luis Obispo",California,93405,"United States",35.302479,-120.663467,USD,1.000,"Plug Out at Vehicle",4057,92009,1782891,,,"San Luis Obispo County",142741005561,CT4025-HD
"CALPOLY / LOT H2 EV2",0024:B100:0002:12F1,"California Polytechnic State University","2019-01-20 11:44:16",PST,"2019-01-20 17:01:19",PST,"2019-01-20 17:02:54",05:17:01,05:15:36,36.966,15.526,4.639,"Level 2",2,J1772,116197,"University Dr",,"San Luis Obispo",California,93405,"United States",35.302597,-120.663498,USD,11.780,"Plug Out at Vehicle",2957,93908,829071,,,"San Luis Obispo County",142741005544,CT4025-HD
"CALPOLY / GRAND EV1",0024:B100:0002:1EFF,"California Polytechnic State University","2019-01-20 13:10:48",PST,"2019-01-20 16:57:59",PST,"2019-01-20 16:58:40",03:47:11,01:46:53,5.651,2.373,0.709,"Level 2",2,J1772,118615,"Tahoe Rd",,"San Luis Obispo",California,93405,"United States",35.298355,-120.657600,USD,0.620,"Plug Out at Vehicle",2101,93420,379067,,,"San Luis Obispo County",150241000125,CT4020-HD
"CALPOLY / GRAND EV2",0024:B100:0002:2010,"California Polytechnic State University","2019-01-20 15:04:29",PST,"2019-01-20 16:22:33",PST,"2019-01-20 16:24:14",01:18:03,01:17:52,4.347,1.826,0.545,"Level 2",2,J1772,119343,"Tahoe Rd",,"San Luis Obispo",California,93405,"United States",35.298370,-120.657578,USD,0.480,"Plug Out at Vehicle",1548025462,93432,1297621,,,"San Luis Obispo County",150541000428,CT4020-HD-GW
"CALPOLY / LOT H2 EV3",0024:B100:0002:1280,"California Polytechnic State University","2019-01-20 12:58:07",PST,"2019-01-20 14:50:16",PST,"2019-01-20 14:52:09",01:52:08,01:51:56,6.218,2.612,0.780,"Level 2",2,J1772,115119,"University Dr",,"San Luis Obispo",California,93405,"United States",35.302551,-120.663490,USD,0.680,"Plug Out at Vehicle",3729,94954,293145,,,"San Luis Obispo County",142641005445,CT4025-HD-GW
"CALPOLY / GRAND EV2",0024:B100:0002:2010,"California Polytechnic State University","2019-01-20 10:24:06",PST,"2019-01-20 14:02:19",PST,"2019-01-20 14:04:04",03:38:10,03:37:58,14.101,5.922,1.770,"Level 2",2,J1772,119343,"Tahoe Rd",,"San Luis Obispo",California,93405,"United States",35.298370,-120.657578,USD,1.550,"Plug Out at Vehicle",3603,94536,360267,,,"San Luis Obispo County",150541000428,CT4020-HD-GW
"CALPOLY / LOT H2 EV1",0024:B100:0002:2342,"California Polytechnic State University","2019-01-20 12:31:17",PST,"2019-01-20 13:41:00",PST,"2019-01-20 13:41:44",01:09:42,01:09:35,4.414,1.854,0.554,"Level 2",2,J1772,116199,"University Dr",,"San Luis Obispo",California,93405,"United States",35.302666,-120.663521,USD,0.490,"Plug Out at Vehicle",1770,95008,3836771,,,"San Luis Obispo County",151241001192,CT4025-HD
"CALPOLY / LOT H2 EV4",0024:B100:0002:1302,"California Polytechnic State University","2019-01-20 12:24:39",PST,"2019-01-20 12:35:26",PST,"2019-01-20 12:36:24",00:10:46,00:10:36,1.229,0.516,0.154,"Level 2",2,J1772,116201,"University Dr",,"San Luis Obispo",California,93405,"United States",35.302479,-120.663467,USD,0.140,"Plug Out at Vehicle",4056,93465,3778861,,,"San Luis Obispo County",142741005561,CT4025-HD
"CALPOLY / GRAND EV1",0024:B100:0002:1EFF,"California Polytechnic State University","2019-01-20 09:35:01",PST,"2019-01-20 11:02:34",PST,"2019-01-20 11:03:16",01:27:33,01:23:54,10.093,4.239,1.267,"Level 2",1,J1772,118615,"Tahoe Rd",,"San Luis Obispo",California,93405,"United States",35.298355,-120.657600,USD,1.110,"Plug Out at Vehicle",1548005694,93420,3879581,,,"San Luis Obispo County",150241000125,CT4020-HD
"CALPOLY / GRAND EV2",0024:B100:0002:2010,"California Polytechnic State University","2019-01-20 03:01:59",PST,"2019-01-20 06:13:56",PST,"2019-01-20 06:15:17",03:11:57,02:17:59,9.831,4.129,1.234,"Level 2",1,J1772,119343,"Tahoe Rd",,"San Luis Obispo",California,93405,"United States",35.298370,-120.657578,USD,1.080,"Plug Out at Vehicle",3602,93446,323083,,,"San Luis Obispo County",150541000428,CT4020-HD-GW
"CALPOLY / GRAND EV2",0024:B100:0002:2010,"California Polytechnic State University","2019-01-20 02:53:33",PST,"2019-01-20 06:14:08",PST,"2019-01-20 06:14:49",03:20:34,02:05:40,7.185,3.018,0.902,"Level 2",2,J1772,119343,"Tahoe Rd",,"San Luis Obispo",California,93405,"United States",35.298370,-120.657578,USD,0.790,"Plug Out at Vehicle",3601,93405,648859,,,"San Luis Obispo County",150541000428,CT4020-HD-GW
"CALPOLY / LOT H2 EV3",0024:B100:0002:1280,"California Polytechnic State University","2019-01-19 14:04:30",PST,"2019-01-19 21:02:09",PST,"2019-01-19 21:03:38",06:57:39,04:00:15,27.849,11.697,3.495,"Level 2",1,J1772,115119,"University Dr",,"San Luis Obispo",California,93405,"United States",35.302551,-120.663490,USD,20.830,"Plug Out at Vehicle",3727,95033,1259811,,,"San Luis Obispo County",142641005445,CT4025-HD-GW
"CALPOLY / LOT H2 EV2",0024:B100:0002:12F1,"California Polytechnic State University","2019-01-19 11:55:14",PST,"2019-01-19 17:02:03",PST,"2019-01-19 17:03:11",05:06:48,05:04:54,35.042,14.718,4.398,"Level 2",2,J1772,116197,"University Dr",,"San Luis Obispo",California,93405,"United States",35.302597,-120.663498,USD,10.530,"Plug Out at Vehicle",2956,94577,804643,,,"San Luis Obispo County",142741005544,CT4025-HD
"CALPOLY / GRAND EV1",0024:B100:0002:1EFF,"California Polytechnic State University","2019-01-19 14:57:21",PST,"2019-01-19 16:59:10",PST,"2019-01-19 17:00:13",02:01:53,02:01:39,13.483,5.663,1.692,"Level 2",1,J1772,118615,"Tahoe Rd",,"San Luis Obispo",California,93405,"United States",35.298355,-120.657600,USD,1.480,"Plug Out at Vehicle",2100,93406,2856531,,,"San Luis Obispo County",150241000125,CT4020-HD
"CALPOLY / GRAND EV2",0024:B100:0002:2010,"California Polytechnic State University","2019-01-19 14:41:52",PST,"2019-01-19 16:58:31",PST,"2019-01-19 17:00:09",02:16:43,02:16:25,7.457,3.132,0.936,"Level 2",1,J1772,119343,"Tahoe Rd",,"San Luis Obispo",California,93405,"United States",35.298370,-120.657578,USD,0.820,"Plug Out at Vehicle",3600,91214,44623,,,"San Luis Obispo County",150541000428,CT4020-HD-GW
"CALPOLY / GRAND EV1",0024:B100:0002:1EFF,"California Polytechnic State University","2019-01-19 13:31:49",PST,"2019-01-19 16:42:57",PST,"2019-01-19 16:44:24",03:11:08,01:35:56,5.033,2.114,0.632,"Level 2",2,J1772,118615,"Tahoe Rd",,"San Luis Obispo",California,93405,"United States",35.298355,-120.657600,USD,0.550,"Plug Out at Vehicle",2099,93420,379067,,,"San Luis Obispo County",150241000125,CT4020-HD
"CALPOLY / LOT H2 EV4",0024:B100:0002:1302,"California Polytechnic State University","2019-01-19 15:17:53",PST,"2019-01-19 16:39:11",PST,"2019-01-19 16:40:30",01:21:18,01:19:47,2.640,1.109,0.331,"Level 2",1,J1772,116201,"University Dr",,"San Luis Obispo",California,93405,"United States",35.302479,-120.663467,USD,0.290,"Plug Out at Vehicle",4055,93277,1565561,,,"San Luis Obispo County",142741005561,CT4025-HD
"CALPOLY / LOT H2 EV4",0024:B100:0002:1302,"California Polytechnic State University","2019-01-19 12:40:58",PST,"2019-01-19 16:33:09",PST,"2019-01-19 16:33:51",03:52:14,03:51:54,26.067,10.948,3.271,"Level 2",2,J1772,116201,"University Dr",,"San Luis Obispo",California,93405,"United States",35.302479,-120.663467,USD,2.870,"Plug Out at Vehicle",4054,90265,707835,,,"San Luis Obispo County",142741005561,CT4025-HD
"CALPOLY / LOT H2 EV1",0024:B100:0002:2342,"California Polytechnic State University","2019-01-19 12:31:26",PST,"2019-01-19 16:29:55",PST,"2019-01-19 16:32:03",03:58:29,01:51:01,5.542,2.328,0.696,"Level 2",2,J1772,116199,"University Dr",,"San Luis Obispo",California,93405,"United States",35.302666,-120.663521,USD,0.610,"Plug Out at Vehicle",1768,93444,1631311,,,"San Luis Obispo County",151241001192,CT4025-HD
"CALPOLY / LOT H2 EV3",0024:B100:0002:1280,"California Polytechnic State University","2019-01-19 14:56:41",PST,"2019-01-19 16:03:35",PST,"2019-01-19 16:05:36",01:06:54,01:06:44,6.610,2.776,0.830,"Level 2",2,J1772,115119,"University Dr",,"San Luis Obispo",California,93405,"United States",35.302551,-120.663490,USD,0.730,"Plug Out at Vehicle",3728,93406,412757,,,"San Luis Obispo County",142641005445,CT4025-HD-GW
"CALPOLY / LOT H2 EV1",0024:B100:0002:2342,"California Polytechnic State University","2019-01-19 12:55:53",PST,"2019-01-19 15:45:25",PST,"2019-01-19 15:46:24",02:49:32,02:05:35,13.463,5.655,1.690,"Level 2",1,J1772,116199,"University Dr",,"San Luis Obispo",California,93405,"United States",35.302666,-120.663521,USD,1.480,"Plug Out at Vehicle",1769,93401,507913,,,"San Luis Obispo County",151241001192,CT4025-HD
"CALPOLY / GRAND EV2",0024:B100:0002:2010,"California Polytechnic State University","2019-01-19 13:23:12",PST,"2019-01-19 15:03:25",PST,"2019-01-19 15:05:23",01:40:11,01:39:40,8.996,3.778,1.129,"Level 2",2,J1772,119343,"Tahoe Rd",,"San Luis Obispo",California,93405,"United States",35.298370,-120.657578,USD,0.990,"Plug Out at Vehicle",3599,93420,1260731,,,"San Luis Obispo County",150541000428,CT4020-HD-GW
"CALPOLY / LOT H2 EV2",0024:B100:0002:12F1,"California Polytechnic State University","2019-01-19 13:18:39",PST,"2019-01-19 14:53:57",PST,"2019-01-19 14:56:43",01:35:20,00:31:10,3.199,1.344,0.401,"Level 2",1,J1772,116197,"University Dr",,"San Luis Obispo",California,93405,"United States",35.302597,-120.663498,USD,0.350,"Plug Out at Vehicle",1547932714,N/A,,,,"San Luis Obispo County",142741005544,CT4025-HD
"CALPOLY / LOT H2 EV4",0024:B100:0002:1302,"California Polytechnic State University","2019-01-19 10:36:51",PST,"2019-01-19 14:00:14",PST,"2019-01-19 14:01:03",03:23:27,03:23:09,23.406,9.830,2.937,"Level 2",1,J1772,116201,"University Dr",,"San Luis Obispo",California,93405,"United States",35.302479,-120.663467,USD,2.570,"Plug Out at Vehicle",4053,95033,1259811,,,"San Luis Obispo County",142741005561,CT4025-HD
"CALPOLY / LOT H2 EV3",0024:B100:0002:1280,"California Polytechnic State University","2019-01-19 10:10:41",PST,"2019-01-19 13:58:55",PST,"2019-01-19 14:00:07",03:48:18,03:47:50,12.403,5.209,1.557,"Level 2",2,J1772,115119,"University Dr",,"San Luis Obispo",California,93405,"United States",35.302551,-120.663490,USD,1.360,"Plug Out at Vehicle",3726,93401,3868531,,,"San Luis Obispo County",142641005445,CT4025-HD-GW
"CALPOLY / LOT H2 EV2",0024:B100:0002:12F1,"California Polytechnic State University","2019-01-19 09:39:08",PST,"2019-01-19 11:11:29",PST,"2019-01-19 11:12:19",01:32:21,00:54:45,5.376,2.258,0.675,"Level 2",2,J1772,116197,"University Dr",,"San Luis Obispo",California,93405,"United States",35.302597,-120.663498,USD,0.590,"Plug Out at Vehicle",2955,93308,3889251,,,"San Luis Obispo County",142741005544,CT4025-HD
"CALPOLY / LOT H2 EV1",0024:B100:0002:2342,"California Polytechnic State University","2019-01-19 10:12:36",PST,"2019-01-19 10:14:36",PST,"2019-01-19 10:14:46",00:02:00,00:00:00,0.000,0.000,0.000,"Level 2",1,J1772,116199,"University Dr",,"San Luis Obispo",California,93405,"United States",35.302666,-120.663521,USD,0.000,Timeout,1767,93444,1631311,,,"San Luis Obispo County",151241001192,CT4025-HD
"CALPOLY / LOT H2 EV1",0024:B100:0002:2342,"California Polytechnic State University","2019-01-19 07:45:05",PST,"2019-01-19 10:13:31",PST,"2019-01-19 10:14:16",02:28:31,02:28:03,8.127,3.413,1.020,"Level 2",2,J1772,116199,"University Dr",,"San Luis Obispo",California,93405,"United States",35.302666,-120.663521,USD,0.890,"Plug Out at Vehicle",1547912699,93444,1631311,,,"San Luis Obispo County",151241001192,CT4025-HD
"CALPOLY / LOT H2 EV4",0024:B100:0002:1302,"California Polytechnic State University","2019-01-19 10:11:06",PST,"2019-01-19 10:13:05",PST,"2019-01-19 10:13:15",00:01:59,00:00:00,0.000,0.000,0.000,"Level 2",1,J1772,116201,"University Dr",,"San Luis Obispo",California,93405,"United States",35.302479,-120.663467,USD,0.000,Timeout,1547921460,93401,3868531,,,"San Luis Obispo County",142741005561,CT4025-HD
"CALPOLY / LOT H2 EV4",0024:B100:0002:1302,"California Polytechnic State University","2019-01-19 10:08:49",PST,"2019-01-19 10:10:49",PST,"2019-01-19 10:11:03",00:02:00,00:00:00,0.000,0.000,0.000,"Level 2",1,J1772,116201,"University Dr",,"San Luis Obispo",California,93405,"United States",35.302479,-120.663467,USD,0.000,Timeout,1547921324,93401,3868531,,,"San Luis Obispo County",142741005561,CT4025-HD
"CALPOLY / LOT H2 EV4",0024:B100:0002:1302,"California Polytechnic State University","2019-01-19 10:08:01",PST,"2019-01-19 10:09:40",PST,"2019-01-19 10:10:22",00:01:39,00:00:34,0.026,0.011,0.003,"Level 2",2,J1772,116201,"University Dr",,"San Luis Obispo",California,93405,"United States",35.302479,-120.663467,USD,0.000,Customer,4052,93401,3868531,,,"San Luis Obispo County",142741005561,CT4025-HD
"CALPOLY / LOT H2 EV4",0024:B100:0002:1302,"California Polytechnic State University","2019-01-19 09:33:22",PST,"2019-01-19 10:07:52",PST,"2019-01-19 10:10:01",00:34:28,00:34:15,1.844,0.774,0.231,"Level 2",2,J1772,116201,"University Dr",,"San Luis Obispo",California,93405,"United States",35.302479,-120.663467,USD,0.200,"Plug Out at Vehicle",4051,93401,3868531,,,"San Luis Obispo County",142741005561,CT4025-HD
"CALPOLY / LOT H2 EV4",0024:B100:0002:1302,"California Polytechnic State University","2019-01-19 09:50:52",PST,"2019-01-19 09:52:52",PST,"2019-01-19 09:53:03",00:02:00,00:00:00,0.000,0.000,0.000,"Level 2",1,J1772,116201,"University Dr",,"San Luis Obispo",California,93405,"United States",35.302479,-120.663467,USD,0.000,Timeout,1547920246,93401,3868531,,,"San Luis Obispo County",142741005561,CT4025-HD
"CALPOLY / LOT H2 EV4",0024:B100:0002:1302,"California Polytechnic State University","2019-01-19 09:36:14",PST,"2019-01-19 09:38:13",PST,"2019-01-19 09:38:24",00:01:59,00:00:00,0.000,0.000,0.000,"Level 2",1,J1772,116201,"University Dr",,"San Luis Obispo",California,93405,"United States",35.302479,-120.663467,USD,0.000,Timeout,1547919367,93401,3868531,,,"San Luis Obispo County",142741005561,CT4025-HD
"CALPOLY / LOT H2 EV4",0024:B100:0002:1302,"California Polytechnic State University","2019-01-19 09:33:40",PST,"2019-01-19 09:35:40",PST,"2019-01-19 09:35:49",00:02:00,00:00:00,0.000,0.000,0.000,"Level 2",1,J1772,116201,"University Dr",,"San Luis Obispo",California,93405,"United States",35.302479,-120.663467,USD,0.000,Timeout,1547919212,93401,3868531,,,"San Luis Obispo County",142741005561,CT4025-HD
"CALPOLY / GRAND EV2",0024:B100:0002:2010,"California Polytechnic State University","2019-01-19 07:24:46",PST,"2019-01-19 07:25:06",PST,"2019-01-19 07:25:45",00:00:25,00:00:00,0.000,0.000,0.000,"Level 2",2,J1772,119343,"Tahoe Rd",,"San Luis Obispo",California,93405,"United States",35.298370,-120.657578,USD,0.000,"Plug Out at Vehicle",3598,94025,3154861,,,"San Luis Obispo County",150541000428,CT4020-HD-GW
"CALPOLY / GRAND EV2",0024:B100:0002:2010,"California Polytechnic State University","2019-01-18 20:57:25",PST,"2019-01-19 07:24:24",PST,"2019-01-19 07:25:06",10:26:59,08:48:46,61.836,25.971,7.760,"Level 2",2,J1772,119343,"Tahoe Rd",,"San Luis Obispo",California,93405,"United States",35.298370,-120.657578,USD,45.500,"Plug Out at Vehicle",3596,94025,3154861,,,"San Luis Obispo County",150541000428,CT4020-HD-GW
"CALPOLY / GRAND EV2",0024:B100:0002:2010,"California Polytechnic State University","2019-01-19 02:58:22",PST,"2019-01-19 07:03:44",PST,"2019-01-19 07:05:06",04:05:22,02:38:41,9.317,3.913,1.169,"Level 2",1,J1772,119343,"Tahoe Rd",,"San Luis Obispo",California,93405,"United States",35.298370,-120.657578,USD,1.560,"Plug Out at Vehicle",3597,93405,648859,,,"San Luis Obispo County",150541000428,CT4020-HD-GW
"CALPOLY / LOT H2 EV3",0024:B100:0002:1280,"California Polytechnic State University","2019-01-18 16:09:47",PST,"2019-01-18 19:57:48",PST,"2019-01-18 19:59:25",03:48:01,01:58:38,7.524,3.160,0.944,"Level 2",1,J1772,115119,"University Dr",,"San Luis Obispo",California,93405,"United States",35.302551,-120.663490,USD,0.830,"Plug Out at Vehicle",3725,93446,323083,,,"San Luis Obispo County",142641005445,CT4025-HD-GW
"CALPOLY / GRAND EV1",0024:B100:0002:1EFF,"California Polytechnic State University","2019-01-18 18:03:19",PST,"2019-01-18 19:04:19",PST,"2019-01-18 19:06:16",01:00:59,00:40:13,3.671,1.542,0.461,"Level 2",2,J1772,118615,"Tahoe Rd",,"San Luis Obispo",California,93405,"United States",35.298355,-120.657600,USD,0.400,"Plug Out at Vehicle",2098,95120,1734131,,,"San Luis Obispo County",150241000125,CT4020-HD
"CALPOLY / LOT H2 EV1",0024:B100:0002:2342,"California Polytechnic State University","2019-01-18 16:54:08",PST,"2019-01-18 19:02:35",PST,"2019-01-18 19:03:17",02:08:26,01:55:39,8.153,3.424,1.023,"Level 2",1,J1772,116199,"University Dr",,"San Luis Obispo",California,93405,"United States",35.302666,-120.663521,USD,0.900,"Plug Out at Vehicle",1766,93422,418203,,,"San Luis Obispo County",151241001192,CT4025-HD
"CALPOLY / LOT H2 EV4",0024:B100:0002:1302,"California Polytechnic State University","2019-01-18 18:16:36",PST,"2019-01-18 18:25:28",PST,"2019-01-18 18:26:10",00:08:52,00:00:00,0.000,0.000,0.000,"Level 2",1,J1772,116201,"University Dr",,"San Luis Obispo",California,93405,"United States",35.302479,-120.663467,USD,0.000,"Plug Out at Vehicle",4050,92009,1782891,,,"San Luis Obispo County",142741005561,CT4025-HD
"CALPOLY / GRAND EV2",0024:B100:0002:2010,"California Polytechnic State University","2019-01-18 13:08:15",PST,"2019-01-18 18:06:40",PST,"2019-01-18 18:09:05",04:58:28,04:05:24,14.743,6.192,1.850,"Level 2",2,J1772,119343,"Tahoe Rd",,"San Luis Obispo",California,93405,"United States",35.298370,-120.657578,USD,7.460,"Plug Out at Vehicle",3595,95124,508969,,,"San Luis Obispo County",150541000428,CT4020-HD-GW
"CALPOLY / LOT H2 EV2",0024:B100:0002:12F1,"California Polytechnic State University","2019-01-18 15:40:43",PST,"2019-01-18 18:03:24",PST,"2019-01-18 18:04:05",02:22:45,02:22:28,9.031,3.793,1.133,"Level 2",1,J1772,116197,"University Dr",,"San Luis Obispo",California,93405,"United States",35.302597,-120.663498,USD,0.990,"Plug Out at Vehicle",2954,93422,2872841,,,"San Luis Obispo County",142741005544,CT4025-HD
"CALPOLY / LOT H2 EV4",0024:B100:0002:1302,"California Polytechnic State University","2019-01-18 15:09:24",PST,"2019-01-18 18:00:00",PST,"2019-01-18 18:02:24",02:50:40,02:50:28,5.557,2.334,0.697,"Level 2",2,J1772,116201,"University Dr",,"San Luis Obispo",California,93405,"United States",35.302479,-120.663467,USD,0.610,"Plug Out at Vehicle",4048,93420,453471,,,"San Luis Obispo County",142741005561,CT4025-HD
"CALPOLY / LOT H2 EV4",0024:B100:0002:1302,"California Polytechnic State University","2019-01-18 17:55:12",PST,"2019-01-18 17:57:11",PST,"2019-01-18 17:57:21",00:01:59,00:00:00,0.000,0.000,0.000,"Level 2",1,J1772,116201,"University Dr",,"San Luis Obispo",California,93405,"United States",35.302479,-120.663467,USD,0.000,Timeout,4049,92009,1782891,,,"San Luis Obispo County",142741005561,CT4025-HD
"CALPOLY / LOT H2 EV3",0024:B100:0002:1280,"California Polytechnic State University","2019-01-18 13:20:51",PST,"2019-01-18 17:23:05",PST,"2019-01-18 17:24:47",04:02:14,02:02:49,13.467,5.656,1.690,"Level 2",2,J1772,115119,"University Dr",,"San Luis Obispo",California,93405,"United States",35.302551,-120.663490,USD,1.700,"Plug Out at Vehicle",3724,93422,1853321,,,"San Luis Obispo County",142641005445,CT4025-HD-GW
"CALPOLY / GRAND EV2",0024:B100:0002:2010,"California Polytechnic State University","2019-01-18 11:10:20",PST,"2019-01-18 16:51:33",PST,"2019-01-18 16:53:45",05:41:13,04:06:39,15.330,6.438,1.924,"Level 2",1,J1772,119343,"Tahoe Rd",,"San Luis Obispo",California,93405,"United States",35.298370,-120.657578,USD,11.810,"Plug Out at Vehicle",3594,93444,381265,,,"San Luis Obispo County",150541000428,CT4020-HD-GW
"CALPOLY / LOT H2 EV1",0024:B100:0002:2342,"California Polytechnic State University","2019-01-18 13:24:32",PST,"2019-01-18 16:50:56",PST,"2019-01-18 16:53:09",03:26:23,01:56:47,12.449,5.229,1.562,"Level 2",2,J1772,116199,"University Dr",,"San Luis Obispo",California,93405,"United States",35.302666,-120.663521,USD,1.370,"Plug Out at Vehicle",1765,93465,3778861,,,"San Luis Obispo County",151241001192,CT4025-HD
"CALPOLY / GRAND EV1",0024:B100:0002:1EFF,"California Polytechnic State University","2019-01-18 14:23:35",PST,"2019-01-18 16:28:27",PST,"2019-01-18 16:30:16",02:04:50,02:04:40,2.577,1.082,0.323,"Level 2",2,J1772,118615,"Tahoe Rd",,"San Luis Obispo",California,93405,"United States",35.298355,-120.657600,USD,0.280,"Plug Out at Vehicle",2097,92009,1782891,,,"San Luis Obispo County",150241000125,CT4020-HD
"CALPOLY / LOT H2 EV2",0024:B100:0002:12F1,"California Polytechnic State University","2019-01-18 15:25:36",PST,"2019-01-18 16:15:57",PST,"2019-01-18 16:19:25",00:50:26,00:50:10,2.922,1.227,0.367,"Level 2",2,J1772,116197,"University Dr",,"San Luis Obispo",California,93405,"United States",35.302597,-120.663498,USD,0.320,"Plug Out at Vehicle",2953,93422,1248301,,,"San Luis Obispo County",142741005544,CT4025-HD
"CALPOLY / GRAND EV1",0024:B100:0002:1EFF,"California Polytechnic State University","2019-01-18 14:44:18",PST,"2019-01-18 15:50:38",PST,"2019-01-18 15:51:28",01:06:19,01:06:10,3.622,1.521,0.455,"Level 2",1,J1772,118615,"Tahoe Rd",,"San Luis Obispo",California,93405,"United States",35.298355,-120.657600,USD,0.400,"Plug Out at Vehicle",1547851452,94583,2800441,,,"San Luis Obispo County",150241000125,CT4020-HD
"CALPOLY / LOT H2 EV2",0024:B100:0002:12F1,"California Polytechnic State University","2019-01-18 13:59:07",PST,"2019-01-18 15:17:35",PST,"2019-01-18 15:19:32",01:18:28,01:17:22,2.664,1.119,0.334,"Level 2",1,J1772,116197,"University Dr",,"San Luis Obispo",California,93405,"United States",35.302597,-120.663498,USD,0.290,"Plug Out at Vehicle",1547848739,93422,349725,,,"San Luis Obispo County",142741005544,CT4025-HD
"CALPOLY / LOT H2 EV2",0024:B100:0002:12F1,"California Polytechnic State University","2019-01-18 13:52:36",PST,"2019-01-18 15:07:41",PST,"2019-01-18 15:10:27",01:15:08,01:14:52,4.191,1.760,0.526,"Level 2",2,J1772,116197,"University Dr",,"San Luis Obispo",California,93405,"United States",35.302597,-120.663498,USD,0.460,"Plug Out at Vehicle",2951,93405,1239511,,,"San Luis Obispo County",142741005544,CT4025-HD
"CALPOLY / LOT H2 EV4",0024:B100:0002:1302,"California Polytechnic State University","2019-01-18 12:42:46",PST,"2019-01-18 15:03:42",PST,"2019-01-18 15:04:54",02:20:56,02:18:33,9.758,4.098,1.225,"Level 2",2,J1772,116201,"University Dr",,"San Luis Obispo",California,93405,"United States",35.302479,-120.663467,USD,1.070,"Plug Out at Vehicle",4047,93422,406787,,,"San Luis Obispo County",142741005561,CT4025-HD
"CALPOLY / LOT H2 EV1",0024:B100:0002:2342,"California Polytechnic State University","2019-01-18 13:58:22",PST,"2019-01-18 14:00:21",PST,"2019-01-18 14:00:31",00:01:59,00:00:00,0.000,0.000,0.000,"Level 2",1,J1772,116199,"University Dr",,"San Luis Obispo",California,93405,"United States",35.302666,-120.663521,USD,0.000,Timeout,1547848694,93422,349725,,,"San Luis Obispo County",151241001192,CT4025-HD
"CALPOLY / GRAND EV1",0024:B100:0002:1EFF,"California Polytechnic State University","2019-01-18 10:45:53",PST,"2019-01-18 13:37:28",PST,"2019-01-18 13:49:15",02:51:35,02:51:16,20.649,8.673,2.591,"Level 2",2,J1772,118615,"Tahoe Rd",,"San Luis Obispo",California,93405,"United States",35.298355,-120.657600,USD,2.270,"Plug Out at Vehicle",2096,N/A,,,,"San Luis Obispo County",150241000125,CT4020-HD
"CALPOLY / LOT H2 EV1",0024:B100:0002:2342,"California Polytechnic State University","2019-01-18 08:33:26",PST,"2019-01-18 13:10:09",PST,"2019-01-18 13:12:20",04:36:43,03:49:55,24.991,10.496,3.136,"Level 2",1,J1772,116199,"University Dr",,"San Luis Obispo",California,93405,"United States",35.302666,-120.663521,USD,6.420,"Plug Out at Vehicle",1763,93403,2347071,,,"San Luis Obispo County",151241001192,CT4025-HD
"CALPOLY / GRAND EV2",0024:B100:0002:2010,"California Polytechnic State University","2019-01-18 10:52:18",PST,"2019-01-18 12:46:22",PST,"2019-01-18 12:47:43",01:54:03,01:10:23,2.362,0.992,0.296,"Level 2",2,J1772,119343,"Tahoe Rd",,"San Luis Obispo",California,93405,"United States",35.298370,-120.657578,USD,0.260,"Plug Out at Vehicle",3593,93420,379067,,,"San Luis Obispo County",150541000428,CT4020-HD-GW
"CALPOLY / LOT H2 EV4",0024:B100:0002:1302,"California Polytechnic State University","2019-01-18 08:24:44",PST,"2019-01-18 12:20:29",PST,"2019-01-18 12:22:54",03:55:44,02:07:17,8.324,3.496,1.045,"Level 2",2,J1772,116201,"University Dr",,"San Luis Obispo",California,93405,"United States",35.302479,-120.663467,USD,0.920,"Plug Out at Vehicle",4046,93420,1260731,,,"San Luis Obispo County",142741005561,CT4025-HD
"CALPOLY / LOT H2 EV3",0024:B100:0002:1280,"California Polytechnic State University","2019-01-18 09:21:58",PST,"2019-01-18 12:05:58",PST,"2019-01-18 12:07:50",02:43:59,01:56:48,6.176,2.594,0.775,"Level 2",1,J1772,115119,"University Dr",,"San Luis Obispo",California,93405,"United States",35.302551,-120.663490,USD,0.680,"Plug Out at Vehicle",1547832110,93422,3575341,,,"San Luis Obispo County",142641005445,CT4025-HD-GW
"CALPOLY / LOT H2 EV1",0024:B100:0002:2342,"California Polytechnic State University","2019-01-18 09:19:38",PST,"2019-01-18 11:33:01",PST,"2019-01-18 11:34:33",02:13:28,01:41:14,10.631,4.465,1.334,"Level 2",2,J1772,116199,"University Dr",,"San Luis Obispo",California,93405,"United States",35.302666,-120.663521,USD,1.170,"Plug Out at Vehicle",1764,93449,404097,,,"San Luis Obispo County",151241001192,CT4025-HD
"CALPOLY / LOT H2 EV4",0024:B100:0002:1302,"California Polytechnic State University","2019-01-18 07:30:13",PST,"2019-01-18 11:31:31",PST,"2019-01-18 11:32:53",04:01:18,03:25:04,11.667,4.900,1.464,"Level 2",1,J1772,116201,"University Dr",,"San Luis Obispo",California,93405,"United States",35.302479,-120.663467,USD,1.410,"Plug Out at Vehicle",4045,93433,827095,,,"San Luis Obispo County",142741005561,CT4025-HD
"CALPOLY / LOT H2 EV3",0024:B100:0002:1280,"California Polytechnic State University","2019-01-18 08:18:02",PST,"2019-01-18 11:24:10",PST,"2019-01-18 11:25:26",03:06:08,03:04:10,18.434,7.742,2.314,"Level 2",2,J1772,115119,"University Dr",,"San Luis Obispo",California,93405,"United States",35.302551,-120.663490,USD,2.030,Customer,3723,94552,3882261,,,"San Luis Obispo County",142641005445,CT4025-HD-GW
"CALPOLY / GRAND EV1",0024:B100:0002:1EFF,"California Polytechnic State University","2019-01-18 09:13:05",PST,"2019-01-18 11:22:09",PST,"2019-01-18 11:24:31",02:09:04,02:08:51,4.740,1.991,0.595,"Level 2",1,J1772,118615,"Tahoe Rd",,"San Luis Obispo",California,93405,"United States",35.298355,-120.657600,USD,0.520,"Plug Out at Vehicle",2095,93422,349725,,,"San Luis Obispo County",150241000125,CT4020-HD
"CALPOLY / LOT H2 EV2",0024:B100:0002:12F1,"California Polytechnic State University","2019-01-18 08:39:10",PST,"2019-01-18 11:12:57",PST,"2019-01-18 11:14:14",02:33:47,02:02:29,6.374,2.677,0.800,"Level 2",1,J1772,116197,"University Dr",,"San Luis Obispo",California,93405,"United States",35.302597,-120.663498,USD,0.700,"Plug Out at Vehicle",1547829541,93432,1297621,,,"San Luis Obispo County",142741005544,CT4025-HD
"CALPOLY / LOT H2 EV2",0024:B100:0002:12F1,"California Polytechnic State University","2019-01-18 08:31:54",PST,"2019-01-18 11:10:39",PST,"2019-01-18 11:11:44",02:38:45,01:12:34,3.580,1.504,0.449,"Level 2",2,J1772,116197,"University Dr",,"San Luis Obispo",California,93405,"United States",35.302597,-120.663498,USD,0.390,"Plug Out at Vehicle",2950,93401,1141501,,,"San Luis Obispo County",142741005544,CT4025-HD
"CALPOLY / GRAND EV2",0024:B100:0002:2010,"California Polytechnic State University","2019-01-18 07:26:24",PST,"2019-01-18 10:43:14",PST,"2019-01-18 10:44:20",03:16:49,03:16:40,10.707,4.497,1.344,"Level 2",2,J1772,119343,"Tahoe Rd",,"San Luis Obispo",California,93405,"United States",35.298370,-120.657578,USD,1.180,"Plug Out at Vehicle",3591,93422,2144341,,,"San Luis Obispo County",150541000428,CT4020-HD-GW
"CALPOLY / GRAND EV2",0024:B100:0002:2010,"California Polytechnic State University","2019-01-18 09:01:23",PST,"2019-01-18 10:38:01",PST,"2019-01-18 10:39:20",01:36:41,01:36:22,11.281,4.738,1.416,"Level 2",1,J1772,119343,"Tahoe Rd",,"San Luis Obispo",California,93405,"United States",35.298370,-120.657578,USD,1.240,Customer,3592,93428,3367961,,,"San Luis Obispo County",150541000428,CT4020-HD-GW
"CALPOLY / GRAND EV1",0024:B100:0002:1EFF,"California Polytechnic State University","2019-01-18 08:25:21",PST,"2019-01-18 10:26:21",PST,"2019-01-18 10:30:47",02:01:00,01:56:47,6.168,2.590,0.774,"Level 2",2,J1772,118615,"Tahoe Rd",,"San Luis Obispo",California,93405,"United States",35.298355,-120.657600,USD,0.680,"Plug Out at Vehicle",2094,93422,497861,,,"San Luis Obispo County",150241000125,CT4020-HD
"CALPOLY / LOT H2 EV3",0024:B100:0002:1280,"California Polytechnic State University","2019-01-18 09:18:31",PST,"2019-01-18 09:19:38",PST,"2019-01-18 09:20:17",00:01:06,00:00:00,0.000,0.000,0.000,"Level 2",1,J1772,115119,"University Dr",,"San Luis Obispo",California,93405,"United States",35.302551,-120.663490,USD,0.000,"Plug Out at Vehicle",1547831903,93422,3575341,,,"San Luis Obispo County",142641005445,CT4025-HD-GW
"CALPOLY / LOT H2 EV3",0024:B100:0002:1280,"California Polytechnic State University","2019-01-18 07:39:47",PST,"2019-01-18 09:06:34",PST,"2019-01-18 09:16:38",01:26:45,01:26:24,3.488,1.465,0.438,"Level 2",1,J1772,115119,"University Dr",,"San Luis Obispo",California,93405,"United States",35.302551,-120.663490,USD,0.380,"Plug Out at Vehicle",3722,92009,1782891,,,"San Luis Obispo County",142641005445,CT4025-HD-GW
"CALPOLY / LOT H2 EV1",0024:B100:0002:2342,"California Polytechnic State University","2019-01-18 08:01:33",PST,"2019-01-18 09:06:24",PST,"2019-01-18 09:14:53",01:04:51,00:18:55,0.485,0.204,0.061,"Level 2",2,J1772,116199,"University Dr",,"San Luis Obispo",California,93405,"United States",35.302666,-120.663521,USD,0.050,"Plug Out at Vehicle",1547827284,93405,1383911,,,"San Luis Obispo County",151241001192,CT4025-HD
"CALPOLY / GRAND EV2",0024:B100:0002:2010,"California Polytechnic State University","2019-01-18 01:41:38",PST,"2019-01-18 05:28:03",PST,"2019-01-18 05:29:09",03:46:25,02:38:54,9.244,3.882,1.160,"Level 2",2,J1772,119343,"Tahoe Rd",,"San Luis Obispo",California,93405,"United States",35.298370,-120.657578,USD,1.020,"Plug Out at Vehicle",3590,93405,648859,,,"San Luis Obispo County",150541000428,CT4020-HD-GW
"CALPOLY / LOT H2 EV3",0024:B100:0002:1280,"California Polytechnic State University","2019-01-17 17:07:38",PST,"2019-01-17 20:52:01",PST,"2019-01-17 20:52:45",03:44:23,02:04:27,8.676,3.644,1.089,"Level 2",1,J1772,115119,"University Dr",,"San Luis Obispo",California,93405,"United States",35.302551,-120.663490,USD,0.950,"Plug Out at Vehicle",3721,93446,323083,,,"San Luis Obispo County",142641005445,CT4025-HD-GW
"CALPOLY / LOT H2 EV1",0024:B100:0002:2342,"California Polytechnic State University","2019-01-17 18:37:00",PST,"2019-01-17 20:33:10",PST,"2019-01-17 20:38:45",01:56:09,01:55:43,6.338,2.662,0.795,"Level 2",2,J1772,116199,"University Dr",,"San Luis Obispo",California,93405,"United States",35.302666,-120.663521,USD,0.700,"Plug Out at Vehicle",1547779013,94583,2800441,,,"San Luis Obispo County",151241001192,CT4025-HD
"CALPOLY / LOT H2 EV4",0024:B100:0002:1302,"California Polytechnic State University","2019-01-17 20:14:12",PST,"2019-01-17 20:31:32",PST,"2019-01-17 20:32:13",00:17:20,00:08:15,0.137,0.058,0.017,"Level 2",1,J1772,116201,"University Dr",,"San Luis Obispo",California,93405,"United States",35.302479,-120.663467,USD,0.020,"Plug Out at Vehicle",4044,93402,502759,,,"San Luis Obispo County",142741005561,CT4025-HD
"CALPOLY / GRAND EV2",0024:B100:0002:2010,"California Polytechnic State University","2019-01-17 18:08:13",PST,"2019-01-17 18:54:51",PST,"2019-01-17 18:55:33",00:46:38,00:46:30,2.873,1.207,0.361,"Level 2",1,J1772,119343,"Tahoe Rd",,"San Luis Obispo",California,93405,"United States",35.298370,-120.657578,USD,0.320,"Plug Out at Vehicle",3589,95124,508969,,,"San Luis Obispo County",150541000428,CT4020-HD-GW
"CALPOLY / LOT H2 EV4",0024:B100:0002:1302,"California Polytechnic State University","2019-01-17 18:21:15",PST,"2019-01-17 18:23:14",PST,"2019-01-17 18:23:24",00:01:59,00:00:00,0.000,0.000,0.000,"Level 2",1,J1772,116201,"University Dr",,"San Luis Obispo",California,93405,"United States",35.302479,-120.663467,USD,0.000,Timeout,4043,93402,502759,,,"San Luis Obispo County",142741005561,CT4025-HD
"CALPOLY / LOT H2 EV4",0024:B100:0002:1302,"California Polytechnic State University","2019-01-17 16:33:12",PST,"2019-01-17 18:20:21",PST,"2019-01-17 18:22:10",01:47:09,01:12:22,2.503,1.051,0.314,"Level 2",1,J1772,116201,"University Dr",,"San Luis Obispo",California,93405,"United States",35.302479,-120.663467,USD,0.280,"Plug Out at Vehicle",4042,93402,502759,,,"San Luis Obispo County",142741005561,CT4025-HD
"CALPOLY / LOT H2 EV4",0024:B100:0002:1302,"California Polytechnic State University","2019-01-17 14:49:04",PST,"2019-01-17 18:12:30",PST,"2019-01-17 18:14:09",03:23:25,02:36:03,9.607,4.035,1.206,"Level 2",2,J1772,116201,"University Dr",,"San Luis Obispo",California,93405,"United States",35.302479,-120.663467,USD,1.060,"Plug Out at Vehicle",4040,93428,459349,,,"San Luis Obispo County",142741005561,CT4025-HD
"CALPOLY / LOT H2 EV2",0024:B100:0002:12F1,"California Polytechnic State University","2019-01-17 13:57:33",PST,"2019-01-17 17:29:35",PST,"2019-01-17 17:30:56",03:32:02,02:28:19,16.027,6.731,2.011,"Level 2",2,J1772,116197,"University Dr",,"San Luis Obispo",California,93405,"United States",35.302597,-120.663498,USD,1.760,"Plug Out at Vehicle",2949,93465,3778861,,,"San Luis Obispo County",142741005544,CT4025-HD
"CALPOLY / LOT H2 EV1",0024:B100:0002:2342,"California Polytechnic State University","2019-01-17 14:55:26",PST,"2019-01-17 17:23:51",PST,"2019-01-17 17:24:44",02:28:25,01:17:11,8.186,3.438,1.027,"Level 2",2,J1772,116199,"University Dr",,"San Luis Obispo",California,93405,"United States",35.302666,-120.663521,USD,0.900,"Plug Out at Vehicle",1762,93422,1853321,,,"San Luis Obispo County",151241001192,CT4025-HD
"CALPOLY / GRAND EV2",0024:B100:0002:2010,"California Polytechnic State University","2019-01-17 15:44:27",PST,"2019-01-17 16:50:43",PST,"2019-01-17 16:51:48",01:06:15,01:06:08,4.091,1.718,0.513,"Level 2",1,J1772,119343,"Tahoe Rd",,"San Luis Obispo",California,93405,"United States",35.298370,-120.657578,USD,0.450,"Plug Out at Vehicle",3588,95124,508969,,,"San Luis Obispo County",150541000428,CT4020-HD-GW
"CALPOLY / GRAND EV2",0024:B100:0002:2010,"California Polytechnic State University","2019-01-17 15:08:37",PST,"2019-01-17 16:37:30",PST,"2019-01-17 16:38:30",01:28:52,01:28:46,5.720,2.402,0.718,"Level 2",2,J1772,119343,"Tahoe Rd",,"San Luis Obispo",California,93405,"United States",35.298370,-120.657578,USD,0.630,"Plug Out at Vehicle",3587,93444,381265,,,"San Luis Obispo County",150541000428,CT4020-HD-GW
"CALPOLY / LOT H2 EV3",0024:B100:0002:1280,"California Polytechnic State University","2019-01-17 12:59:24",PST,"2019-01-17 16:12:57",PST,"2019-01-17 16:14:16",03:13:33,00:24:56,0.152,0.064,0.019,"Level 2",2,J1772,115119,"University Dr",,"San Luis Obispo",California,93405,"United States",35.302551,-120.663490,USD,0.020,"Plug Out at Vehicle",3720,93422,406787,,,"San Luis Obispo County",142641005445,CT4025-HD-GW
"CALPOLY / LOT H2 EV4",0024:B100:0002:1302,"California Polytechnic State University","2019-01-17 12:35:24",PST,"2019-01-17 15:34:03",PST,"2019-01-17 15:34:51",02:58:39,02:03:05,6.699,2.813,0.841,"Level 2",1,J1772,116201,"University Dr",,"San Luis Obispo",California,93405,"United States",35.302479,-120.663467,USD,0.740,"Plug Out at Vehicle",4039,93401,3867871,,,"San Luis Obispo County",142741005561,CT4025-HD
"CALPOLY / LOT H2 EV2",0024:B100:0002:12F1,"California Polytechnic State University","2019-01-17 12:58:00",PST,"2019-01-17 15:11:24",PST,"2019-01-17 15:12:25",02:13:27,02:13:00,13.442,5.646,1.687,"Level 2",1,J1772,116197,"University Dr",,"San Luis Obispo",California,93405,"United States",35.302597,-120.663498,USD,1.480,"Plug Out at Vehicle",2948,92009,1782891,,,"San Luis Obispo County",142741005544,CT4025-HD
"CALPOLY / LOT H2 EV3",0024:B100:0002:1280,"California Polytechnic State University","2019-01-17 11:15:13",PST,"2019-01-17 15:03:06",PST,"2019-01-17 15:04:56",03:47:53,00:20:46,0.845,0.355,0.106,"Level 2",1,J1772,115119,"University Dr",,"San Luis Obispo",California,93405,"United States",35.302551,-120.663490,USD,0.090,"Plug Out at Vehicle",3718,93433,827095,,,"San Luis Obispo County",142641005445,CT4025-HD-GW
"CALPOLY / LOT H2 EV1",0024:B100:0002:2342,"California Polytechnic State University","2019-01-17 12:10:01",PST,"2019-01-17 14:53:27",PST,"2019-01-17 14:54:32",02:43:25,02:00:36,6.320,2.654,0.793,"Level 2",1,J1772,116199,"University Dr",,"San Luis Obispo",California,93405,"United States",35.302666,-120.663521,USD,0.700,"Plug Out at Vehicle",1760,93465,321157,,,"San Luis Obispo County",151241001192,CT4025-HD
"CALPOLY / LOT H2 EV4",0024:B100:0002:1302,"California Polytechnic State University","2019-01-17 07:40:23",PST,"2019-01-17 14:46:01",PST,"2019-01-17 14:46:44",07:05:38,04:05:31,15.194,6.382,1.907,"Level 2",2,J1772,116201,"University Dr",,"San Luis Obispo",California,93405,"United States",35.302479,-120.663467,USD,20.230,"Plug Out at Vehicle",4037,93422,2872841,,,"San Luis Obispo County",142741005561,CT4025-HD
"CALPOLY / LOT H2 EV1",0024:B100:0002:2342,"California Polytechnic State University","2019-01-17 12:20:25",PST,"2019-01-17 14:38:15",PST,"2019-01-17 14:39:18",02:17:54,02:17:39,3.796,1.594,0.476,"Level 2",2,J1772,116199,"University Dr",,"San Luis Obispo",California,93405,"United States",35.302666,-120.663521,USD,0.420,"Plug Out at Vehicle",1761,93402,710899,,,"San Luis Obispo County",151241001192,CT4025-HD
"CALPOLY / GRAND EV2",0024:B100:0002:2010,"California Polytechnic State University","2019-01-17 11:29:13",PST,"2019-01-17 13:22:56",PST,"2019-01-17 13:24:23",01:53:43,01:10:54,2.367,0.994,0.297,"Level 2",2,J1772,119343,"Tahoe Rd",,"San Luis Obispo",California,93405,"United States",35.298370,-120.657578,USD,0.260,"Plug Out at Vehicle",3586,93420,379067,,,"San Luis Obispo County",150541000428,CT4020-HD-GW
"CALPOLY / LOT H2 EV2",0024:B100:0002:12F1,"California Polytechnic State University","2019-01-17 11:34:24",PST,"2019-01-17 13:09:52",PST,"2019-01-17 13:10:50",01:35:30,01:35:12,3.801,1.597,0.477,"Level 2",2,J1772,116197,"University Dr",,"San Luis Obispo",California,93405,"United States",35.302597,-120.663498,USD,0.420,"Plug Out at Vehicle",2947,93405,3334181,,,"San Luis Obispo County",142741005544,CT4025-HD
"CALPOLY / LOT H2 EV3",0024:B100:0002:1280,"California Polytechnic State University","2019-01-17 11:50:20",PST,"2019-01-17 12:55:58",PST,"2019-01-17 12:58:20",01:05:38,00:27:54,0.201,0.084,0.025,"Level 2",2,J1772,115119,"University Dr",,"San Luis Obispo",California,93405,"United States",35.302551,-120.663490,USD,0.020,"Plug Out at Vehicle",3719,93422,406787,,,"San Luis Obispo County",142641005445,CT4025-HD-GW
"CALPOLY / GRAND EV1",0024:B100:0002:1EFF,"California Polytechnic State University","2019-01-17 12:04:30",PST,"2019-01-17 12:47:02",PST,"2019-01-17 12:48:00",00:42:31,00:42:16,4.616,1.939,0.579,"Level 2",1,J1772,118615,"Tahoe Rd",,"San Luis Obispo",California,93405,"United States",35.298355,-120.657600,USD,0.510,"Plug Out at Vehicle",2093,93428,1669191,,,"San Luis Obispo County",150241000125,CT4020-HD
"CALPOLY / GRAND EV1",0024:B100:0002:1EFF,"California Polytechnic State University","2019-01-17 08:30:04",PST,"2019-01-17 12:22:06",PST,"2019-01-17 12:23:17",03:52:02,03:27:40,11.163,4.688,1.401,"Level 2",2,J1772,118615,"Tahoe Rd",,"San Luis Obispo",California,93405,"United States",35.298355,-120.657600,USD,1.230,"Plug Out at Vehicle",2092,93422,497861,,,"San Luis Obispo County",150241000125,CT4020-HD
"CALPOLY / LOT H2 EV1",0024:B100:0002:2342,"California Polytechnic State University","2019-01-17 08:33:58",PST,"2019-01-17 12:14:42",PST,"2019-01-17 12:15:32",03:40:44,01:36:02,5.436,2.283,0.682,"Level 2",2,J1772,116199,"University Dr",,"San Luis Obispo",California,93405,"United States",35.302666,-120.663521,USD,0.600,"Plug Out at Vehicle",1757,93420,1260731,,,"San Luis Obispo County",151241001192,CT4025-HD
"CALPOLY / LOT H2 EV1",0024:B100:0002:2342,"California Polytechnic State University","2019-01-17 10:57:24",PST,"2019-01-17 12:07:29",PST,"2019-01-17 12:08:16",01:10:04,00:54:48,3.152,1.324,0.396,"Level 2",1,J1772,116199,"University Dr",,"San Luis Obispo",California,93405,"United States",35.302666,-120.663521,USD,0.350,"Plug Out at Vehicle",1759,93402,2109131,,,"San Luis Obispo County",151241001192,CT4025-HD
"CALPOLY / LOT H2 EV2",0024:B100:0002:12F1,"California Polytechnic State University","2019-01-17 09:16:59",PST,"2019-01-17 11:57:43",PST,"2019-01-17 11:58:46",02:40:48,02:40:28,5.918,2.486,0.743,"Level 2",1,J1772,116197,"University Dr",,"San Luis Obispo",California,93405,"United States",35.302597,-120.663498,USD,0.650,"Plug Out at Vehicle",2946,93442,711871,,,"San Luis Obispo County",142741005544,CT4025-HD
"CALPOLY / LOT H2 EV4",0024:B100:0002:1302,"California Polytechnic State University","2019-01-17 08:33:32",PST,"2019-01-17 11:45:05",PST,"2019-01-17 11:46:14",03:11:33,02:13:47,9.644,4.051,1.210,"Level 2",1,J1772,116201,"University Dr",,"San Luis Obispo",California,93405,"United States",35.302479,-120.663467,USD,1.060,"Plug Out at Vehicle",4038,93422,406787,,,"San Luis Obispo County",142741005561,CT4025-HD
"CALPOLY / LOT H2 EV3",0024:B100:0002:1280,"California Polytechnic State University","2019-01-17 07:58:03",PST,"2019-01-17 11:44:14",PST,"2019-01-17 11:44:57",03:46:16,01:37:39,5.117,2.149,0.642,"Level 2",2,J1772,115119,"University Dr",,"San Luis Obispo",California,93405,"United States",35.302551,-120.663490,USD,0.560,"Plug Out at Vehicle",3717,93422,377913,,,"San Luis Obispo County",142641005445,CT4025-HD-GW
"CALPOLY / GRAND EV1",0024:B100:0002:1EFF,"California Polytechnic State University","2019-01-17 07:42:46",PST,"2019-01-17 11:28:07",PST,"2019-01-17 11:28:47",03:45:21,03:00:56,11.381,4.780,1.428,"Level 2",1,J1772,118615,"Tahoe Rd",,"San Luis Obispo",California,93405,"United States",35.298355,-120.657600,USD,1.250,"Plug Out at Vehicle",2091,93443,463181,,,"San Luis Obispo County",150241000125,CT4020-HD
"CALPOLY / GRAND EV2",0024:B100:0002:2010,"California Polytechnic State University","2019-01-17 09:39:48",PST,"2019-01-17 11:13:46",PST,"2019-01-17 11:14:37",01:33:58,01:06:22,2.214,0.930,0.278,"Level 2",2,J1772,119343,"Tahoe Rd",,"San Luis Obispo",California,93405,"United States",35.298370,-120.657578,USD,0.240,"Plug Out at Vehicle",1547746782,94040,2317461,,,"San Luis Obispo County",150541000428,CT4020-HD-GW
"CALPOLY / GRAND EV2",0024:B100:0002:2010,"California Polytechnic State University","2019-01-17 08:04:27",PST,"2019-01-17 11:01:05",PST,"2019-01-17 11:02:17",02:56:38,01:51:23,5.808,2.439,0.729,"Level 2",1,J1772,119343,"Tahoe Rd",,"San Luis Obispo",California,93405,"United States",35.298370,-120.657578,USD,0.640,"Plug Out at Vehicle",3585,93422,2144341,,,"San Luis Obispo County",150541000428,CT4020-HD-GW
"CALPOLY / LOT H2 EV2",0024:B100:0002:12F1,"California Polytechnic State University","2019-01-17 07:58:34",PST,"2019-01-17 11:00:55",PST,"2019-01-17 11:02:14",03:02:21,03:02:08,7.206,3.026,0.904,"Level 2",2,J1772,116197,"University Dr",,"San Luis Obispo",California,93405,"United States",35.302597,-120.663498,USD,0.790,"Plug Out at Vehicle",2945,93405,3334181,,,"San Luis Obispo County",142741005544,CT4025-HD
"CALPOLY / LOT H2 EV3",0024:B100:0002:1280,"California Polytechnic State University","2019-01-17 07:40:36",PST,"2019-01-17 11:00:16",PST,"2019-01-17 11:02:08",03:19:43,03:19:20,11.760,4.939,1.476,"Level 2",1,J1772,115119,"University Dr",,"San Luis Obispo",California,93405,"United States",35.302551,-120.663490,USD,1.290,"Plug Out at Vehicle",3716,93433,827095,,,"San Luis Obispo County",142641005445,CT4025-HD-GW
"CALPOLY / LOT H2 EV1",0024:B100:0002:2342,"California Polytechnic State University","2019-01-17 10:07:14",PST,"2019-01-17 10:45:59",PST,"2019-01-17 10:46:42",00:38:45,00:38:37,4.468,1.876,0.561,"Level 2",1,J1772,116199,"University Dr",,"San Luis Obispo",California,93405,"United States",35.302666,-120.663521,USD,0.490,"Plug Out at Vehicle",1758,92009,1782891,,,"San Luis Obispo County",151241001192,CT4025-HD
"CALPOLY / LOT H2 EV1",0024:B100:0002:2342,"California Polytechnic State University","2019-01-17 07:51:31",PST,"2019-01-17 10:05:05",PST,"2019-01-17 10:06:31",02:13:34,01:27:58,5.144,2.160,0.646,"Level 2",1,J1772,116199,"University Dr",,"San Luis Obispo",California,93405,"United States",35.302666,-120.663521,USD,0.570,"Plug Out at Vehicle",1756,90745,2317491,,,"San Luis Obispo County",151241001192,CT4025-HD
"CALPOLY / GRAND EV2",0024:B100:0002:2010,"California Polytechnic State University","2019-01-17 07:25:41",PST,"2019-01-17 09:34:56",PST,"2019-01-17 09:35:42",02:09:14,01:38:08,9.719,4.082,1.220,"Level 2",2,J1772,119343,"Tahoe Rd",,"San Luis Obispo",California,93405,"United States",35.298370,-120.657578,USD,1.070,"Plug Out at Vehicle",1547738735,93446,1183311,,,"San Luis Obispo County",150541000428,CT4020-HD-GW
"CALPOLY / LOT H2 EV2",0024:B100:0002:12F1,"California Polytechnic State University","2019-01-17 07:42:37",PST,"2019-01-17 09:08:17",PST,"2019-01-17 09:10:13",01:25:39,01:25:30,9.922,4.167,1.245,"Level 2",1,J1772,116197,"University Dr",,"San Luis Obispo",California,93405,"United States",35.302597,-120.663498,USD,1.090,"Plug Out at Vehicle",2944,92009,1782891,,,"San Luis Obispo County",142741005544,CT4025-HD
"CALPOLY / LOT H2 EV1",0024:B100:0002:2342,"California Polytechnic State University","2019-01-17 06:07:13",PST,"2019-01-17 08:12:14",PST,"2019-01-17 08:12:57",02:05:01,01:54:07,6.064,2.547,0.761,"Level 2",2,J1772,116199,"University Dr",,"San Luis Obispo",California,93405,"United States",35.302666,-120.663521,USD,0.670,"Plug Out at Vehicle",1755,93401,1141501,,,"San Luis Obispo County",151241001192,CT4025-HD
"CALPOLY / GRAND EV2",0024:B100:0002:2010,"California Polytechnic State University","2019-01-17 03:13:02",PST,"2019-01-17 07:08:28",PST,"2019-01-17 07:09:09",03:55:26,02:45:11,9.537,4.006,1.197,"Level 2",2,J1772,119343,"Tahoe Rd",,"San Luis Obispo",California,93405,"United States",35.298370,-120.657578,USD,1.050,"Plug Out at Vehicle",3584,93405,648859,,,"San Luis Obispo County",150541000428,CT4020-HD-GW
"CALPOLY / LOT H2 EV1",0024:B100:0002:2342,"California Polytechnic State University","2019-01-16 20:06:02",PST,"2019-01-16 22:02:26",PST,"2019-01-16 22:03:08",01:56:26,01:56:08,12.454,5.231,1.563,"Level 2",1,J1772,116199,"University Dr",,"San Luis Obispo",California,93405,"United States",35.302666,-120.663521,USD,1.370,"Plug Out at Vehicle",1547697957,84020,3430441,,,"San Luis Obispo County",151241001192,CT4025-HD
"CALPOLY / LOT H2 EV4",0024:B100:0002:1302,"California Polytechnic State University","2019-01-16 20:05:29",PST,"2019-01-16 22:00:43",PST,"2019-01-16 22:01:25",01:55:13,01:54:48,13.424,5.638,1.685,"Level 2",1,J1772,116201,"University Dr",,"San Luis Obispo",California,93405,"United States",35.302479,-120.663467,USD,1.480,"Plug Out at Vehicle",1547697922,93405,1880891,,,"San Luis Obispo County",142741005561,CT4025-HD
"CALPOLY / GRAND EV2",0024:B100:0002:2010,"California Polytechnic State University","2019-01-16 17:48:15",PST,"2019-01-16 20:55:17",PST,"2019-01-16 20:56:11",03:07:02,01:23:08,4.293,1.803,0.539,"Level 2",2,J1772,119343,"Tahoe Rd",,"San Luis Obispo",California,93405,"United States",35.298370,-120.657578,USD,0.470,"Plug Out at Vehicle",3583,93449,1035171,,,"San Luis Obispo County",150541000428,CT4020-HD-GW
"CALPOLY / LOT H2 EV2",0024:B100:0002:12F1,"California Polytechnic State University","2019-01-16 17:01:45",PST,"2019-01-16 20:50:30",PST,"2019-01-16 20:51:33",03:48:44,02:22:49,10.241,4.301,1.285,"Level 2",2,J1772,116197,"University Dr",,"San Luis Obispo",California,93405,"United States",35.302597,-120.663498,USD,1.130,"Plug Out at Vehicle",2943,93446,323083,,,"San Luis Obispo County",142741005544,CT4025-HD
"CALPOLY / LOT H2 EV2",0024:B100:0002:12F1,"California Polytechnic State University","2019-01-16 16:30:28",PST,"2019-01-16 20:36:59",PST,"2019-01-16 20:37:40",04:06:31,03:26:44,11.219,4.712,1.408,"Level 2",1,J1772,116197,"University Dr",,"San Luis Obispo",California,93405,"United States",35.302597,-120.663498,USD,1.880,"Plug Out at Vehicle",2942,94618,2627021,,,"San Luis Obispo County",142741005544,CT4025-HD
"CALPOLY / LOT H2 EV4",0024:B100:0002:1302,"California Polytechnic State University","2019-01-16 18:49:45",PST,"2019-01-16 20:14:49",PST,"2019-01-16 20:16:15",01:25:07,01:24:26,4.630,1.945,0.581,"Level 2",2,J1772,116201,"University Dr",,"San Luis Obispo",California,93405,"United States",35.302479,-120.663467,USD,0.510,"Plug Out at Vehicle",1547693378,94583,2800441,,,"San Luis Obispo County",142741005561,CT4025-HD
"CALPOLY / GRAND EV1",0024:B100:0002:1EFF,"California Polytechnic State University","2019-01-16 15:14:12",PST,"2019-01-16 20:00:34",PST,"2019-01-16 20:01:17",04:46:26,01:39:14,11.406,4.791,1.431,"Level 2",1,J1772,118615,"Tahoe Rd",,"San Luis Obispo",California,93405,"United States",35.298355,-120.657600,USD,5.890,Customer,2089,93428,3367961,,,"San Luis Obispo County",150241000125,CT4020-HD
"CALPOLY / LOT H2 EV1",0024:B100:0002:2342,"California Polytechnic State University","2019-01-16 17:10:27",PST,"2019-01-16 19:38:21",PST,"2019-01-16 19:40:09",02:27:54,00:23:39,0.765,0.321,0.096,"Level 2",2,J1772,116199,"University Dr",,"San Luis Obispo",California,93405,"United States",35.302666,-120.663521,USD,0.080,"Plug Out at Vehicle",1754,93422,1248301,,,"San Luis Obispo County",151241001192,CT4025-HD
"CALPOLY / LOT H2 EV3",0024:B100:0002:1280,"California Polytechnic State University","2019-01-16 18:05:11",PST,"2019-01-16 18:43:15",PST,"2019-01-16 18:44:08",00:38:04,00:37:39,2.253,0.946,0.283,"Level 2",2,J1772,115119,"University Dr",,"San Luis Obispo",California,93405,"United States",35.302551,-120.663490,USD,0.250,"Plug Out at Vehicle",3715,93405,3334181,,,"San Luis Obispo County",142641005445,CT4025-HD-GW
"CALPOLY / LOT H2 EV4",0024:B100:0002:1302,"California Polytechnic State University","2019-01-16 14:33:25",PST,"2019-01-16 18:29:54",PST,"2019-01-16 18:30:42",03:56:29,01:30:52,0.082,0.034,0.010,"Level 2",2,J1772,116201,"University Dr",,"San Luis Obispo",California,93405,"United States",35.302479,-120.663467,USD,0.010,"Plug Out at Vehicle",4036,93402,710899,,,"San Luis Obispo County",142741005561,CT4025-HD
"CALPOLY / LOT H2 EV4",0024:B100:0002:1302,"California Polytechnic State University","2019-01-16 14:04:15",PST,"2019-01-16 18:01:17",PST,"2019-01-16 18:01:59",03:57:02,01:47:05,11.673,4.903,1.465,"Level 2",1,J1772,116201,"University Dr",,"San Luis Obispo",California,93405,"United States",35.302479,-120.663467,USD,1.280,"Plug Out at Vehicle",4035,93422,1853321,,,"San Luis Obispo County",142741005561,CT4025-HD
"CALPOLY / LOT H2 EV3",0024:B100:0002:1280,"California Polytechnic State University","2019-01-16 15:05:51",PST,"2019-01-16 17:53:27",PST,"2019-01-16 17:54:25",02:47:36,00:00:00,0.000,0.000,0.000,"Level 2",1,J1772,115119,"University Dr",,"San Luis Obispo",California,93405,"United States",35.302551,-120.663490,USD,0.000,"Plug Out at Vehicle",3713,93422,2518221,,,"San Luis Obispo County",142641005445,CT4025-HD-GW
"CALPOLY / LOT H2 EV3",0024:B100:0002:1280,"California Polytechnic State University","2019-01-16 15:29:30",PST,"2019-01-16 17:48:43",PST,"2019-01-16 17:50:49",02:19:17,02:18:59,9.670,4.062,1.214,"Level 2",2,J1772,115119,"University Dr",,"San Luis Obispo",California,93405,"United States",35.302551,-120.663490,USD,1.060,"Plug Out at Vehicle",3714,93422,406787,,,"San Luis Obispo County",142641005445,CT4025-HD-GW
"CALPOLY / GRAND EV1",0024:B100:0002:1EFF,"California Polytechnic State University","2019-01-16 15:44:31",PST,"2019-01-16 17:36:10",PST,"2019-01-16 17:37:06",01:51:39,01:44:06,5.496,2.308,0.690,"Level 2",2,J1772,118615,"Tahoe Rd",,"San Luis Obispo",California,93405,"United States",35.298355,-120.657600,USD,0.600,"Plug Out at Vehicle",2090,93420,379067,,,"San Luis Obispo County",150241000125,CT4020-HD
"CALPOLY / LOT H2 EV1",0024:B100:0002:2342,"California Polytechnic State University","2019-01-16 14:53:09",PST,"2019-01-16 17:20:32",PST,"2019-01-16 17:21:23",02:27:23,02:04:47,6.786,2.850,0.852,"Level 2",1,J1772,116199,"University Dr",,"San Luis Obispo",California,93405,"United States",35.302666,-120.663521,USD,0.750,"Plug Out at Vehicle",1753,93401,3868531,,,"San Luis Obispo County",151241001192,CT4025-HD
"CALPOLY / LOT H2 EV1",0024:B100:0002:2342,"California Polytechnic State University","2019-01-16 13:52:55",PST,"2019-01-16 16:51:19",PST,"2019-01-16 16:52:15",02:58:24,02:07:51,13.543,5.688,1.700,"Level 2",2,J1772,116199,"University Dr",,"San Luis Obispo",California,93405,"United States",35.302666,-120.663521,USD,1.490,"Plug Out at Vehicle",1752,93465,3778861,,,"San Luis Obispo County",151241001192,CT4025-HD
"CALPOLY / GRAND EV2",0024:B100:0002:2010,"California Polytechnic State University","2019-01-16 15:03:49",PST,"2019-01-16 16:36:28",PST,"2019-01-16 16:37:11",01:32:43,01:32:23,9.969,4.187,1.251,"Level 2",1,J1772,119343,"Tahoe Rd",,"San Luis Obispo",California,93405,"United States",35.298370,-120.657578,USD,1.100,Customer,3582,93420,886001,,,"San Luis Obispo County",150541000428,CT4020-HD-GW
"CALPOLY / GRAND EV2",0024:B100:0002:2010,"California Polytechnic State University","2019-01-16 12:54:20",PST,"2019-01-16 16:26:43",PST,"2019-01-16 16:28:34",03:32:23,02:54:33,10.991,4.616,1.379,"Level 2",2,J1772,119343,"Tahoe Rd",,"San Luis Obispo",California,93405,"United States",35.298370,-120.657578,USD,1.210,"Plug Out at Vehicle",3581,93444,381265,,,"San Luis Obispo County",150541000428,CT4020-HD-GW
"CALPOLY / LOT H2 EV2",0024:B100:0002:12F1,"California Polytechnic State University","2019-01-16 12:57:04",PST,"2019-01-16 16:24:19",PST,"2019-01-16 16:25:10",03:27:15,02:53:46,10.720,4.502,1.345,"Level 2",2,J1772,116197,"University Dr",,"San Luis Obispo",California,93405,"United States",35.302597,-120.663498,USD,1.180,"Plug Out at Vehicle",2939,93422,2872841,,,"San Luis Obispo County",142741005544,CT4025-HD
"CALPOLY / LOT H2 EV2",0024:B100:0002:12F1,"California Polytechnic State University","2019-01-16 14:08:34",PST,"2019-01-16 15:59:25",PST,"2019-01-16 16:00:46",01:50:51,01:50:09,5.780,2.427,0.725,"Level 2",1,J1772,116197,"University Dr",,"San Luis Obispo",California,93405,"United States",35.302597,-120.663498,USD,0.640,"Plug Out at Vehicle",2941,93420,778547,,,"San Luis Obispo County",142741005544,CT4025-HD
"CALPOLY / LOT H2 EV3",0024:B100:0002:1280,"California Polytechnic State University","2019-01-16 13:55:31",PST,"2019-01-16 15:24:05",PST,"2019-01-16 15:24:49",01:28:39,01:28:23,4.802,2.017,0.603,"Level 2",2,J1772,115119,"University Dr",,"San Luis Obispo",California,93405,"United States",35.302551,-120.663490,USD,0.530,"Plug Out at Vehicle",3712,93422,349725,,,"San Luis Obispo County",142641005445,CT4025-HD-GW
"CALPOLY / LOT H2 EV3",0024:B100:0002:1280,"California Polytechnic State University","2019-01-16 12:31:42",PST,"2019-01-16 15:05:31",PST,"2019-01-16 15:06:48",02:33:49,00:00:00,0.000,0.000,0.000,"Level 2",1,J1772,115119,"University Dr",,"San Luis Obispo",California,93405,"United States",35.302551,-120.663490,USD,0.000,"Plug Out at Vehicle",3711,93422,2518221,,,"San Luis Obispo County",142641005445,CT4025-HD-GW
"CALPOLY / GRAND EV1",0024:B100:0002:1EFF,"California Polytechnic State University","2019-01-16 11:42:31",PST,"2019-01-16 15:04:17",PST,"2019-01-16 15:05:01",03:21:46,02:56:40,11.004,4.622,1.381,"Level 2",2,J1772,118615,"Tahoe Rd",,"San Luis Obispo",California,93405,"United States",35.298355,-120.657600,USD,1.210,"Plug Out at Vehicle",2088,93443,463181,,,"San Luis Obispo County",150241000125,CT4020-HD
"CALPOLY / LOT H2 EV1",0024:B100:0002:2342,"California Polytechnic State University","2019-01-16 12:18:31",PST,"2019-01-16 14:30:12",PST,"2019-01-16 14:32:09",02:11:45,02:11:25,3.878,1.629,0.487,"Level 2",1,J1772,116199,"University Dr",,"San Luis Obispo",California,93405,"United States",35.302666,-120.663521,USD,0.430,"Plug Out at Vehicle",1751,93402,710899,,,"San Luis Obispo County",151241001192,CT4025-HD
"CALPOLY / LOT H2 EV4",0024:B100:0002:1302,"California Polytechnic State University","2019-01-16 10:41:27",PST,"2019-01-16 14:06:17",PST,"2019-01-16 14:08:14",03:24:50,01:03:18,3.445,1.447,0.432,"Level 2",2,J1772,116201,"University Dr",,"San Luis Obispo",California,93405,"United States",35.302479,-120.663467,USD,0.380,"Plug Out at Vehicle",4033,95124,508969,,,"San Luis Obispo County",142741005561,CT4025-HD
"CALPOLY / LOT H2 EV2",0024:B100:0002:12F1,"California Polytechnic State University","2019-01-16 14:06:11",PST,"2019-01-16 14:06:57",PST,"2019-01-16 14:07:38",00:00:47,00:00:05,0.000,0.000,0.000,"Level 2",1,J1772,116197,"University Dr",,"San Luis Obispo",California,93405,"United States",35.302597,-120.663498,USD,0.000,Customer,2940,93420,778547,,,"San Luis Obispo County",142741005544,CT4025-HD
"CALPOLY / LOT H2 EV1",0024:B100:0002:2342,"California Polytechnic State University","2019-01-16 11:59:11",PST,"2019-01-16 13:31:13",PST,"2019-01-16 13:32:19",01:32:01,01:31:53,7.213,3.030,0.905,"Level 2",2,J1772,116199,"University Dr",,"San Luis Obispo",California,93405,"United States",35.302666,-120.663521,USD,0.790,"Plug Out at Vehicle",1750,93405,3334181,,,"San Luis Obispo County",151241001192,CT4025-HD
"CALPOLY / LOT H2 EV2",0024:B100:0002:12F1,"California Polytechnic State University","2019-01-16 08:26:31",PST,"2019-01-16 13:23:04",PST,"2019-01-16 13:24:21",04:56:33,01:37:04,5.066,2.128,0.636,"Level 2",1,J1772,116197,"University Dr",,"San Luis Obispo",California,93405,"United States",35.302597,-120.663498,USD,6.220,"Plug Out at Vehicle",2937,93422,1248301,,,"San Luis Obispo County",142741005544,CT4025-HD
"CALPOLY / LOT H2 EV4",0024:B100:0002:1302,"California Polytechnic State University","2019-01-16 11:57:31",PST,"2019-01-16 13:13:37",PST,"2019-01-16 13:14:19",01:16:06,01:13:59,2.492,1.047,0.313,"Level 2",1,J1772,116201,"University Dr",,"San Luis Obispo",California,93405,"United States",35.302479,-120.663467,USD,0.270,"Plug Out at Vehicle",4034,93402,502759,,,"San Luis Obispo County",142741005561,CT4025-HD
"CALPOLY / LOT H2 EV3",0024:B100:0002:1280,"California Polytechnic State University","2019-01-16 07:55:21",PST,"2019-01-16 12:50:17",PST,"2019-01-16 12:52:08",04:54:56,01:56:35,6.141,2.579,0.771,"Level 2",2,J1772,115119,"University Dr",,"San Luis Obispo",California,93405,"United States",35.302551,-120.663490,USD,6.170,"Plug Out at Vehicle",3709,93444,2922011,,,"San Luis Obispo County",142641005445,CT4025-HD-GW
"CALPOLY / LOT H2 EV2",0024:B100:0002:12F1,"California Polytechnic State University","2019-01-16 09:14:35",PST,"2019-01-16 12:32:46",PST,"2019-01-16 12:33:28",03:18:10,02:33:43,6.482,2.722,0.813,"Level 2",2,J1772,116197,"University Dr",,"San Luis Obispo",California,93405,"United States",35.302597,-120.663498,USD,0.710,"Plug Out at Vehicle",2938,93465,321157,,,"San Luis Obispo County",142741005544,CT4025-HD
"CALPOLY / LOT H2 EV3",0024:B100:0002:1280,"California Polytechnic State University","2019-01-16 09:17:37",PST,"2019-01-16 12:31:33",PST,"2019-01-16 12:32:33",03:13:55,00:49:44,5.768,2.422,0.724,"Level 2",1,J1772,115119,"University Dr",,"San Luis Obispo",California,93405,"United States",35.302551,-120.663490,USD,0.630,"Plug Out at Vehicle",3710,93422,2518221,,,"San Luis Obispo County",142641005445,CT4025-HD-GW
"CALPOLY / LOT H2 EV1",0024:B100:0002:2342,"California Polytechnic State University","2019-01-16 08:03:42",PST,"2019-01-16 12:05:16",PST,"2019-01-16 12:06:09",04:01:34,02:06:37,8.190,3.440,1.028,"Level 2",1,J1772,116199,"University Dr",,"San Luis Obispo",California,93405,"United States",35.302666,-120.663521,USD,1.060,"Plug Out at Vehicle",1748,93420,1260731,,,"San Luis Obispo County",151241001192,CT4025-HD
"CALPOLY / GRAND EV1",0024:B100:0002:1EFF,"California Polytechnic State University","2019-01-16 09:11:22",PST,"2019-01-16 11:56:59",PST,"2019-01-16 11:58:28",02:45:42,01:27:26,4.597,1.931,0.577,"Level 2",1,J1772,118615,"Tahoe Rd",,"San Luis Obispo",California,93405,"United States",35.298355,-120.657600,USD,0.510,"Plug Out at Vehicle",1547658675,93422,349725,,,"San Luis Obispo County",150241000125,CT4020-HD
"CALPOLY / LOT H2 EV1",0024:B100:0002:2342,"California Polytechnic State University","2019-01-16 08:20:27",PST,"2019-01-16 11:44:26",PST,"2019-01-16 11:45:09",03:23:58,01:18:19,3.943,1.656,0.495,"Level 2",2,J1772,116199,"University Dr",,"San Luis Obispo",California,93405,"United States",35.302666,-120.663521,USD,0.430,"Plug Out at Vehicle",1749,93401,1141501,,,"San Luis Obispo County",151241001192,CT4025-HD
"CALPOLY / LOT H2 EV4",0024:B100:0002:1302,"California Polytechnic State University","2019-01-16 07:42:58",PST,"2019-01-16 11:39:55",PST,"2019-01-16 11:40:55",03:56:56,03:56:40,13.971,5.868,1.753,"Level 2",1,J1772,116201,"University Dr",,"San Luis Obispo",California,93405,"United States",35.302479,-120.663467,USD,1.540,"Plug Out at Vehicle",4031,93433,827095,,,"San Luis Obispo County",142741005561,CT4025-HD
"CALPOLY / GRAND EV1",0024:B100:0002:1EFF,"California Polytechnic State University","2019-01-16 09:36:57",PST,"2019-01-16 11:36:09",PST,"2019-01-16 11:36:50",01:59:11,01:59:04,11.451,4.809,1.437,"Level 2",2,J1772,118615,"Tahoe Rd",,"San Luis Obispo",California,93405,"United States",35.298355,-120.657600,USD,1.260,"Plug Out at Vehicle",2087,93428,1669191,,,"San Luis Obispo County",150241000125,CT4020-HD
"CALPOLY / GRAND EV2",0024:B100:0002:2010,"California Polytechnic State University","2019-01-16 07:19:00",PST,"2019-01-16 10:52:00",PST,"2019-01-16 10:53:33",03:32:59,02:56:02,10.975,4.609,1.377,"Level 2",2,J1772,119343,"Tahoe Rd",,"San Luis Obispo",California,93405,"United States",35.298370,-120.657578,USD,1.210,"Plug Out at Vehicle",1547651936,93433,3513321,,,"San Luis Obispo County",150541000428,CT4020-HD-GW
"CALPOLY / LOT H2 EV4",0024:B100:0002:1302,"California Polytechnic State University","2019-01-16 07:52:34",PST,"2019-01-16 10:38:21",PST,"2019-01-16 10:40:10",02:45:46,02:08:06,6.769,2.843,0.850,"Level 2",2,J1772,116201,"University Dr",,"San Luis Obispo",California,93405,"United States",35.302479,-120.663467,USD,0.740,"Plug Out at Vehicle",4032,93405,1239511,,,"San Luis Obispo County",142741005561,CT4025-HD
"CALPOLY / GRAND EV2",0024:B100:0002:2010,"California Polytechnic State University","2019-01-16 07:43:21",PST,"2019-01-16 10:16:54",PST,"2019-01-16 10:17:36",02:33:33,02:26:16,7.747,3.254,0.972,"Level 2",1,J1772,119343,"Tahoe Rd",,"San Luis Obispo",California,93405,"United States",35.298370,-120.657578,USD,0.850,"Plug Out at Vehicle",3580,93449,1035171,,,"San Luis Obispo County",150541000428,CT4020-HD-GW
"CALPOLY / GRAND EV1",0024:B100:0002:1EFF,"California Polytechnic State University","2019-01-16 07:28:48",PST,"2019-01-16 09:29:38",PST,"2019-01-16 09:30:20",02:00:50,01:40:49,9.821,4.125,1.232,"Level 2",2,J1772,118615,"Tahoe Rd",,"San Luis Obispo",California,93405,"United States",35.298355,-120.657600,USD,1.080,"Plug Out at Vehicle",1547652524,93446,1183311,,,"San Luis Obispo County",150241000125,CT4020-HD
"CALPOLY / LOT H2 EV2",0024:B100:0002:12F1,"California Polytechnic State University","2019-01-16 08:04:52",PST,"2019-01-16 09:10:02",PST,"2019-01-16 09:10:44",01:05:13,01:04:51,2.354,0.989,0.295,"Level 2",2,J1772,116197,"University Dr",,"San Luis Obispo",California,93405,"United States",35.302597,-120.663498,USD,0.260,"Plug Out at Vehicle",1547654686,93405,1383911,,,"San Luis Obispo County",142741005544,CT4025-HD
"CALPOLY / GRAND EV1",0024:B100:0002:1EFF,"California Polytechnic State University","2019-01-16 07:44:28",PST,"2019-01-16 09:06:16",PST,"2019-01-16 09:08:12",01:21:48,01:11:19,2.304,0.968,0.289,"Level 2",1,J1772,118615,"Tahoe Rd",,"San Luis Obispo",California,93405,"United States",35.298355,-120.657600,USD,0.250,"Plug Out at Vehicle",1547653462,94040,2317461,,,"San Luis Obispo County",150241000125,CT4020-HD
"CALPOLY / GRAND EV2",0024:B100:0002:2010,"California Polytechnic State University","2019-01-16 03:18:47",PST,"2019-01-16 07:08:15",PST,"2019-01-16 07:09:30",03:49:28,02:38:33,9.206,3.867,1.155,"Level 2",2,J1772,119343,"Tahoe Rd",,"San Luis Obispo",California,93405,"United States",35.298370,-120.657578,USD,1.010,"Plug Out at Vehicle",3579,93405,648859,,,"San Luis Obispo County",150541000428,CT4020-HD-GW
"CALPOLY / GRAND EV2",0024:B100:0002:2010,"California Polytechnic State University","2019-01-23 13:09:31",PST,,PST,,00:55:19,00:54:54,3.396,1.426,0.426,"Level 2",2,J1772,119343,"Tahoe Rd",,"San Luis Obispo",California,93405,"United States",35.298370,-120.657578,USD,0.340,,3612,93405,648859,,,"San Luis Obispo County",150541000428,CT4020-HD-GW
"CALPOLY / LOT H2 EV4",0024:B100:0002:1302,"California Polytechnic State University","2019-01-23 12:39:53",PST,,PST,,01:25:07,01:24:54,9.772,4.104,1.226,"Level 2",2,J1772,116201,"University Dr",,"San Luis Obispo",California,93405,"United States",35.302479,-120.663467,USD,1.010,,4070,93422,2518221,,,"San Luis Obispo County",142741005561,CT4025-HD
"CALPOLY / LOT H2 EV1",0024:B100:0002:2342,"California Polytechnic State University","2019-01-23 12:39:10",PST,,PST,,01:24:46,00:27:19,0.761,0.320,0.096,"Level 2",2,J1772,116199,"University Dr",,"San Luis Obispo",California,93405,"United States",35.302666,-120.663521,USD,0.080,,1548275943,93405,1383911,,,"San Luis Obispo County",151241001192,CT4025-HD
"CALPOLY / LOT H2 EV2",0024:B100:0002:12F1,"California Polytechnic State University","2019-01-23 13:24:48",PST,,PST,,00:40:13,00:39:55,2.493,1.047,0.313,"Level 2",1,J1772,116197,"University Dr",,"San Luis Obispo",California,93405,"United States",35.302597,-120.663498,USD,0.240,,2968,93422,2872841,,,"San Luis Obispo County",142741005544,CT4025-HD
"CALPOLY / LOT H2 EV1",0024:B100:0002:2342,"California Polytechnic State University","2019-01-23 13:26:03",PST,,PST,,00:40:09,00:39:54,2.165,0.909,0.272,"Level 2",1,J1772,116199,"University Dr",,"San Luis Obispo",California,93405,"United States",35.302666,-120.663521,USD,0.200,,1778,93401,3867871,,,"San Luis Obispo County",151241001192,CT4025-HD
"CALPOLY / LOT H2 EV4",0024:B100:0002:1302,"California Polytechnic State University","2019-01-23 13:43:40",PST,,PST,,00:20:08,00:19:54,1.106,0.464,0.139,"Level 2",1,J1772,116201,"University Dr",,"San Luis Obispo",California,93405,"United States",35.302479,-120.663467,USD,0.100,,4071,93465,321157,,,"San Luis Obispo County",142741005561,CT4025-HD
"CALPOLY / LOT H2 EV3",0024:B100:0002:1280,"California Polytechnic State University","2019-01-23 12:04:18",PST,,PST,,02:00:07,01:59:49,6.671,2.802,0.837,"Level 2",1,J1772,115119,"University Dr",,"San Luis Obispo",California,93405,"United States",35.302551,-120.663490,USD,0.720,,3739,93405,1239511,,,"San Luis Obispo County",142641005445,CT4025-HD-GW
"CALPOLY / LOT H2 EV3",0024:B100:0002:1280,"California Polytechnic State University","2019-01-23 12:32:06",PST,,PST,,01:30:15,01:29:55,5.539,2.326,0.695,"Level 2",2,J1772,115119,"University Dr",,"San Luis Obispo",California,93405,"United States",35.302551,-120.663490,USD,0.590,,3740,93401,1359971,,,"San Luis Obispo County",142641005445,CT4025-HD-GW
"CALPOLY / LOT H2 EV2",0024:B100:0002:12F1,"California Polytechnic State University","2019-01-23 13:22:26",PST,,PST,,00:40:10,00:39:48,4.587,1.926,0.576,"Level 2",2,J1772,116197,"University Dr",,"San Luis Obispo",California,93405,"United States",35.302597,-120.663498,USD,0.470,,2967,93465,3778861,,,"San Luis Obispo County",142741005544,CT4025-HD
